DNI,firstname,lastname,infected
abfff878-a1ab-4f3f-9a07-650800c81008,Adore,Colleen,false
befcdb90-7ad7-4567-8869-b9865c71ee5d,Elena,Ietta,false
8fc83ca5-ef4e-48a1-b6cf-3926456e8354,Cyb,Kazimir,false
06275221-1f06-4562-922f-4c94b6462c94,Harmonia,Haymes,false
a86ffbfd-46d2-463d-abf6-ff5139eb7921,Lilith,Ajay,false
7144d12c-ef33-4a9b-a0af-ba1849676e7a,Alisha,Chesna,false
e256817e-3579-4980-ab16-1028a5812290,Dorene,Prouty,false
4b643b12-d0bb-4202-b1c6-8d5cf3065325,Tani,Zachary,false
67d242eb-1772-4691-af3d-fdc44ee719ed,Sallie,Harned,false
2e8de2f0-c0a6-4445-80b1-75ff55b029c1,Kirstin,Wind,false
f56f819a-c5ab-4644-8aa6-a6bffab8ff06,Carolina,Haldas,false
0fcc7225-0b7f-4088-be6c-dbed4a143a74,Ariela,Pettiford,false
b331fd09-e6f8-49e1-b5e6-8a8d8c054839,Daphne,Noman,false
f799fb39-db56-410c-8606-5eb73801bd2b,Natka,Nadia,false
964d824a-fd6b-48f0-9dc7-b8f628f6f671,Sue,Nore,false
1bf82376-4af1-43be-a7a3-6d8bbcef7095,Louella,Bandeen,false
ea12f352-2896-4e25-a660-99e891547f68,Binny,Newell,false
cbc832a8-9298-4bf7-86d7-4df996e7202a,Libbie,Fleeta,false
7666eeae-f43b-485c-acf1-01b8d5ee1386,Elie,Neva,false
36314645-90f7-4ca1-a3d1-f5882ba568b6,Dione,Bryna,false
619cbed8-c79c-4cf5-bb09-a1075f145dd6,Anthia,Kathie,false
1ee7d249-99d3-4c0f-822a-4fdbb16f2fe7,Joeann,Burkle,false
92953dc4-4ff8-4be1-bb3f-b621c99d840e,Florencia,Thad,false
c6cd17af-c6d7-4cea-970f-eecc0817c5b5,Leanna,Regan,false
c048711e-a99c-4cbe-87b5-ab2876fa8d8a,Andeee,Tannie,false
d7eb32aa-89b3-4ec5-a933-3c97b08d2b1d,Mara,Raychel,false
6f91e837-d477-42ad-951b-1a2e60eae129,Audrie,Fax,false
bb9dc05d-8677-4645-8dd4-53db549ca624,Sabina,Kunin,false
ed783080-6a18-45f2-ae22-5ba250151fab,Tomasina,Allare,false
124a94d5-d8fe-4f01-b5cf-642c213ba31c,Carilyn,Ramona,false
8908288f-cb00-4318-93ab-2b04b7286e22,Josephine,Adrienne,false
e7f128ba-0c6b-4c4a-b399-ec88049ae493,Carree,Plato,false
318edb97-d994-442b-aac3-c04f32f66bb0,Arabel,Jotham,false
408eaf1d-7de6-40c2-b242-5803ff9d9d46,Frances,Pond,false
0baa12ad-03d6-4aee-bd87-a0b73a204d1d,Annecorinne,Avi,false
da036962-b568-46e2-a81c-e77548b3f6a4,Nonnah,Shaver,false
dc56ab73-45b7-4278-9ade-c1504f5e315a,Dyann,Fennessy,false
ca4120a1-187d-429f-9878-3ef408f28fea,Tamqrah,Selway,false
26e6e04c-fe24-47a1-9cd7-b532f60a9bd2,Sybille,Seagraves,false
accf8056-e13a-4353-b0e9-d1a4e708d1fd,Caressa,Roumell,false
ac95eaff-0055-4fe8-8f77-ae482759333f,Karina,Infield,false
515b6df2-d6bb-46ee-b545-6a8ecbaaa142,Arlina,Riordan,false
377b693d-53d0-47a9-9629-c8af35598bed,Ezmeralda,Berard,false
bb95c30b-9fb5-4d55-ae84-62674c7a9548,Kathi,Klemperer,false
dbc58216-6df3-454a-ad17-74999d8e712c,Hyacinthe,Chauncey,false
2f673f28-cb96-45b5-973c-5f31bd5e2290,Mahalia,Hertzfeld,false
cb16e9f0-b786-4f18-8726-252d45e8e4e6,Berta,Constancy,false
80ba1030-5114-4865-a440-663624cf2c08,Debee,Klotz,false
a650b4c2-a8e1-4f3d-a9db-c4ebf3b949de,Ileana,Saree,false
b2e2d041-e69e-4fa4-9bbd-43a9d12ad3de,Letizia,Orelee,false
2a8cb6a8-2346-499b-a105-b17398b0a35e,Thalia,Pyle,false
199587cb-94fc-4737-9a6d-916ffe682a1a,Britte,Bonucci,false
5d62b235-7f23-47c8-9dee-9b4178c20663,Iseabal,Dudley,false
9cf5cd43-fc02-4279-bac2-0a35b50e0f8c,Melanie,Rurik,false
73e1ee36-186f-4a6d-b6f2-906bc3d9122e,Adriana,Toni,false
718830cc-930e-4799-86ad-8004379857bd,Abbie,Byrne,false
4594791a-9496-450e-923c-32c3b80100c7,Ezmeralda,Margarete,false
3d4262af-9aee-449d-a7e2-616a5a02d67f,Beth,Ehrman,false
1a1c8f10-1d61-4bf1-9320-24128d162ec6,Jasmina,Jena,false
6b27e2ff-1642-4936-8c29-14679f1028eb,Almeta,Gavrila,false
34c58282-da49-4884-a90e-278c840caa3b,Ashlee,Rodmann,false
52debb65-6c6f-4fae-83b7-c9d7de5ff241,Inga,Crudden,false
18eca8d7-bd7d-46ae-b51d-115b39d6ed45,Johna,Alarise,false
17e02721-ee77-4304-b289-8e4423fb3b2f,Tressa,Tyson,false
a9d2af93-6615-4359-9386-ebf3d26c4e94,Atlanta,Grayce,false
0dd1fbde-3fa4-46fc-835b-9ab2fe270dde,Viki,Franza,false
4949a806-5705-4309-8271-413d30f23e8f,Goldie,Ardra,false
330d1778-c488-4069-a2bf-56971ef1f883,Libbie,Mauer,false
bdcabc36-e442-44cf-9b77-49bc0c308088,Chickie,Yusuk,false
8b09d3af-ee85-4724-b8dc-5507a6396356,Kristan,Dudley,false
c2afbe9e-e167-4c74-89b3-5f8f686f0a66,Gabi,Elsinore,false
41b14f7a-537f-41de-b9a2-edd87c67941b,Helsa,Blase,false
b6206a0d-b46e-4d4d-aa82-6c28c4595e0a,Christal,Helve,false
059cd1f7-0035-46bb-b10c-fc1f66ca8f78,Harmonia,Aurelio,false
865b7625-c00c-4367-a944-37e76baf7509,Chandra,Loring,false
8265a22d-9c92-4d0e-a66d-4ed416268aaf,Raf,Bonilla,false
afbcfe4e-4f89-4c4f-a5af-f506504313f9,Mireielle,Howlyn,false
5503febc-ae6a-4198-9b0f-8e4421be8407,Alejandra,Flita,false
146149b1-4b10-49ce-9a47-d3a7479ee48f,Dianemarie,Naor,false
889de1f2-1307-4d39-8352-812f63052640,Katharina,Faria,false
04e30e11-e698-445b-9aa0-2e3da9436f91,Claresta,Terencio,false
a36841ce-fbd2-4a3d-8f05-12673c40b9c1,Dorthy,Rubie,false
e3cf57ef-9540-4754-9613-c8aa659248ae,Roz,Rudolph,false
43370aeb-5b42-4e02-9fb2-461c3e95a8f4,Rosaline,Germann,false
f7425192-a15a-495c-b9e1-6d8beceeae07,Devina,Diann,false
3fa92db5-48df-4c26-8265-c13e0597d6c7,Wendi,Merat,false
0343efb3-9fc1-49e3-869a-898b56abd49c,Selia,Vharat,false
c0538c57-2de5-4b7b-ad6b-e897bbf13c06,Joeann,Paine,false
d2564fa9-cb96-4067-9709-992dc3f4024c,Janeczka,Virgin,false
e5bb8405-84b1-4d9e-821b-1ec2b7166dc0,Daune,Kylander,false
e83e1ab7-6eb6-4872-bd1f-de817a3a9ffe,Dominga,Schonfeld,false
10a2777c-540f-4406-b312-13a1f6d24f7e,Sophia,Yerkovich,false
715b815d-fc95-47b0-97c0-e19dc5841e9f,Alexine,Lubin,false
38025865-1f86-4e8a-90cc-7f64e882320d,Larine,Manolo,false
dee9e674-fae1-45c4-a98e-248501e7592f,Claudina,Rudolph,false
d12d05e2-c709-49a7-981c-36b4caf3d8d0,Rani,Phaidra,false
5ffeb246-f6a6-468e-a4e3-5b2f60361a1a,Philis,Maribeth,false
7c947788-b443-46d7-b26c-e2ae0d908b44,Carree,Bevin,false
5535f3cf-cd24-4107-81ce-44625827c379,Halette,Meter,false
292e103b-e04c-42b3-ab58-3b01dc42c1cc,Siana,Edison,false
7d281d7d-685a-4eb4-9aa0-f55691281397,Dione,Bennie,false
e532158f-3420-4f9e-abf5-b7999760a8ef,Ardenia,Lattie,false
185dfcd8-06ee-4d8c-842d-1f25d48792c8,Shell,Lucienne,false
03b01506-7b33-42aa-97f9-992092d16c0c,Marjie,Baudin,false
8fb5d76c-598f-4ef0-b1d7-28d6336ab96c,Mara,Gaal,false
e10becee-c83a-4c4d-936a-c82c25905966,Jan,Bigner,false
bb20cd77-bd9b-4623-b71a-d9d8d65a6b99,Thalia,Howlyn,false
e1306087-dbad-4d93-a767-53a508d5277a,Janey,Secrest,false
c203b502-ea7a-401b-82af-11f977dd15af,Kirstin,Allare,false
1aedf577-2969-4867-86fb-504ed1f12e13,Patricia,Raul,false
08270777-0709-400a-b403-9f7e87ec0e64,Ericka,Myrilla,false
aad4be5e-0cb8-45f1-b822-b30ffedf65cf,Cacilie,Giff,false
2ac8855d-5812-490d-8654-9e42abd32aa6,Joelly,Wenda,false
add377b7-8844-4a88-8f45-be4d2d17995f,Fawne,Brady,false
8219ff68-10e5-49ed-98c2-eb26ad476be3,Wynne,Herrera,false
2f292237-69cc-4ba5-b2e5-993d6370ba0e,Deirdre,Thunell,false
4a3ea4db-f0e6-492b-8ad0-a708b386ebcc,Bettine,Phaidra,false
29aa3cda-79e1-430e-88c5-8b3abfc331e3,Brietta,Carlson,false
fe83b46d-2476-4bb5-b027-442fbda11479,Kimmy,Casimir,false
18c3e2a9-20ce-457f-a541-a065e10e6c5d,Nonnah,Nicoline,false
1e0e451d-ecf2-4e8c-81c2-2337153149e0,Aili,Duwalt,false
4a729bda-b0f8-409e-97f2-3620a39f3b7a,Maud,Aloise,false
dcf12ea8-d603-4b06-9a1f-e7219eca51b7,Kellen,Publia,false
430176cc-5ac6-424f-a1aa-813965853b81,Fanny,Frodi,false
112ea26d-0045-49c1-91a9-2122bbf03fbc,Diena,Chandler,false
5443ce7e-d111-4fb9-8d0f-ff50c3680760,Meg,Chauncey,false
1a4c0c8f-3bfa-47c0-8ef8-624ad85941fa,Valli,Anis,false
12aa70af-2e14-4c72-a377-b42977d443af,Perry,Santoro,false
a07dcf9e-364c-42ed-a379-08b2877cf3fb,Adore,Seagraves,false
9cea93d3-4676-46c2-baf4-169027f6ddf7,Roslyn,Wooster,false
1dc3b863-24f8-46e0-8f00-f36ad93c5c4b,Gerianna,Havens,false
b57c23af-9447-449d-bcc4-5e85a79ed53c,Jenda,Baptlsta,false
310784ee-57a6-409b-8080-9a65e4cea6c3,Jorry,Earlie,false
4d6c557a-3e47-406b-b96b-57f6d5d04f2c,Kylynn,Audly,false
4ed8159b-c290-4489-9670-5650c53ae811,Merle,Johanna,false
f9b616b7-a60d-40f2-b899-298ba77296ad,Farrah,Dimitris,false
64c2efb4-0f22-40b0-9dbc-275a353d222e,Leontine,Quent,false
12c6f020-0552-4981-95c1-513c986d6503,Winifred,Lattie,false
deb1cf85-65ce-4c25-9c8e-0c286a617d8e,Nicoli,Muriel,false
1e7adfea-96b5-44b3-ab58-81f69fec806c,Edyth,Narton,false
29a4c319-1f1d-4004-a47f-2f6dc4f29a2b,Tonia,Uird,false
27abafc5-6f4a-4a84-b401-60ef701b8299,Max,Linskey,false
97c59fb2-e2d2-4e01-814c-091942c10512,Layla,Aloise,false
5cd8a492-f7b2-4aa1-931e-2e435d6582a5,Shaylyn,Bendick,false
39a3fcfb-7073-44f1-8200-303aa3475592,Gusty,Lilas,false
93ba09ac-81c1-44be-9575-bfeaac83dd7c,Britte,Amand,false
80c91b92-958e-4f9d-8af7-114fdf672543,Etta,Nedrud,false
95cedf05-6493-4064-8e9c-3b7cd41b29ad,Meriel,Stover,false
2460f7d9-7a29-4aaf-bfd1-532433a6be4a,Lonnie,Tiffa,false
157a0231-426f-49d9-902a-7439fe4a9c84,Clarice,Lowry,false
32f984c5-b103-42ad-9fa3-54a256af2e3a,Belinda,Dyche,false
1f199d0e-b236-4240-b39b-6f3bf38b93ba,Hyacinthe,Bethany,false
6a8dd857-6693-4b68-bb71-0242d559d52f,Clarice,Dreda,false
c0fd752b-e38b-4fbf-8b45-7923506085fe,Brianna,Chapland,false
33a30021-b7fb-4a60-b296-50843641bb3c,Binny,Mauer,false
af68ef14-d49b-4035-be05-96f128351820,Rosabelle,Karl,false
fc1238fe-311c-486f-9dfc-2d999315f62d,Tracey,Schwejda,false
fcd3b91a-90bc-4cc5-b27b-fc9b3790d682,Mariann,Seligman,false
6169a39d-5bb2-4fac-ae23-774e48e6c867,Jessy,Lesley,false
39d43db4-c43b-4e7b-9b1c-705aeed8f7f8,Leeanne,Chauncey,false
99c43b49-054c-4a2a-8711-8af1b08cc519,Leontine,Trinetta,false
bd0447f6-ae6b-4a00-93fa-f2a84eb7c004,Tani,McGrody,false
06c6646a-42c7-47af-a440-6abca0b6c9da,Romona,Cosenza,false
7724ccb9-d05f-4a60-8313-741594abf274,Willetta,Pascia,false
8944ddf4-b0d2-4f40-9457-d6df5bd97ce1,Deirdre,Melony,false
96faa35b-4e01-4b99-afd1-0238118430b6,Molli,Lesley,false
5733e924-da9a-4b49-9010-76634d48bd45,Rhea,Kosey,false
94fc25a9-4560-4529-9a22-90bf56960a0a,Noelle,Iaverne,false
51d454a1-d160-4804-80a4-26dec16ff7b5,Ginnie,Sprage,false
99c07b5d-bf57-4950-8bd2-f93d261b9d9c,Janis,Suzetta,false
bdb9bc1b-a986-4b13-b630-60a2176091b6,Nonnah,Regan,false
65d5f0b1-933c-41cf-b7af-05e0ece218dc,Queenie,Chesna,false
bea1a3a1-e608-4ec5-80af-47c800fe862e,Leia,Ries,false
05446e4e-c6a1-4f40-a25b-cd579150782a,Lily,Medrek,false
73e569d7-c42a-4d91-9637-3a39330e5529,Laure,Eno,false
20d6546b-11fb-4d83-9ce4-2d994480155f,Hettie,Peonir,false
f8860627-3c7d-4e7f-9545-61fb968869d3,Beverley,Kiersten,false
0f8048e8-2d8a-4310-95eb-1e7b0f3de704,Ulrike,Whiffen,false
27fc7fed-c9ac-41f4-8e5e-d560fe16c2f2,Bobinette,Iiette,false
6b1d9e3a-e8e1-442c-99ae-9d64b3c6b870,Morganica,Friede,false
5da2eda2-6c96-4277-95c3-b8dd6187f846,Fred,Saint,false
38cfb985-7e43-4814-87f7-ae589ba33647,Dale,Lytton,false
f2fe70f2-989d-4ea5-8761-e7803f0f27bf,Carol-Jean,Colbert,false
f89a8016-2df3-4bb4-bdfb-340f641f9edf,Violet,Imelida,false
a79cc889-54e6-4767-8733-68380a146e0c,Nadine,Kiersten,false
5e432231-5c05-4b48-9daa-0a00148c735b,Perry,Rocray,false
4df78190-6d5c-4a8b-b113-2644210e8f16,Mary,Rosemary,false
753edc4b-ca17-4134-a425-9830857bfcc3,Justinn,Whittaker,false
ed6efff7-c31e-4184-8b62-7d8b0e90b371,Sadie,Deny,false
4dffa644-8952-4eb0-bde7-acd5f3e3b3c9,Charlena,Vittoria,false
47f7c199-b391-4f01-a421-5bffc4d8e7e0,Frieda,Izaak,false
514c7f03-363a-48ed-9b2b-5310e6c78908,Elbertina,Dosia,false
b52d4cbe-ab5d-473a-902c-02dc441c5488,Micheline,Tamsky,false
03992697-5c3f-4428-a241-fffd977205a4,Kristan,McClimans,false
243be042-9931-4df8-81d4-147f003a0b0b,Tybie,Bonilla,false
c39fbf88-6210-449f-b9b6-c54a29f5b9c5,Dorice,Toor,false
da229745-0349-4679-8865-5fe2f7ae98e7,Roslyn,Poll,false
b696ddd7-8be1-43d6-a451-3541e6c282b5,Roseline,Doig,false
5a514534-d309-43b3-b810-edba9fbabd47,Andeee,Pascia,false
5a413ffb-a55e-4905-93b6-69b748134c65,Marsiella,Elsinore,false
123dc052-3027-46d4-acf3-2cb213069e10,Marcelline,Suk,false
011e2ff4-a0fe-473b-b8af-e41190758a2b,Clary,Cadmar,false
cb1013f3-6dcc-48ed-bcf2-bf49bcdc3017,Alex,Jacobah,false
2c466734-480c-4abd-a500-5138cce79dba,Lesly,Brieta,false
e4b11d56-51bc-4787-88ea-6e95b4cce64f,Jemie,Isidore,false
69642271-5953-400a-a91e-17b6bddd8cef,Janeczka,Therine,false
e38cc9cc-a093-4807-a331-966bf81d8e2c,Judy,Burnside,false
5ffeebd8-4439-4e66-8be4-075ec0d640cb,Angela,Chabot,false
fb2441bd-5933-48c4-9ec0-487e549360ca,Silvana,Lenny,false
be64639e-d8b0-45aa-9b36-b10c55b145ad,Nadine,Gemini,false
038994c0-42d4-472b-b1bb-3e02ab10a298,Diena,Dielu,false
0401f5aa-139d-46f8-8d6f-e31e75986d73,Vevay,Zaslow,false
8c4084e9-6858-44e2-b6c8-f0afbabb6f08,Marline,Haymes,false
0ce99ef9-b40d-4252-bd38-13ba0ff0dd55,Anica,Harriman,false
2c931c0f-c0a3-4485-9a27-f511e40a9ee6,Elyssa,Rillings,false
1ad308ef-613e-4ea3-97c6-c4c7543974fe,Susette,Donoghue,false
13f0db9a-eb44-4b8d-b7ab-53587077aaa1,Marcelline,Zamora,false
ac455052-6ca3-4b9b-af89-27d019a5fdbb,Starla,Zitvaa,false
7311176c-4d38-41b0-8981-3935edeec442,Peri,Pattin,false
b530f37a-56a2-4cb2-a78b-02d55b03936a,Adelle,Dex,false
4a1dc76f-8ab7-44af-93c6-23e20efe4a7f,Valera,Monaco,false
e91e9d4e-63d9-4a93-8c59-72f7dc153ff8,Collen,Amethist,false
58dae385-f397-4834-a1b5-d1bf97fa3122,Queenie,Deny,false
0ea55175-f49f-43b5-9980-8e56ff168281,Marjie,Barrus,false
04149822-5803-4d82-a537-47cacfc17f34,Marcelline,Arathorn,false
0b0bae22-06c2-4002-bb3e-c03cc5210815,Mireielle,Durware,false
00a6cf94-e6b3-4bf3-a302-6629f3244387,Flory,Bach,false
f506185d-0d8c-4cb5-af23-43de8c1c6c30,Zia,Evangelia,false
1acf04a1-ff0a-42d8-a6c5-aac3b21ae9a6,Riannon,Croix,false
b4ca0594-6f16-4f8c-b29f-45bfcf27591a,Lexine,Radu,false
4b9ac7ec-fb39-4934-816a-2057f501cc73,Margalo,Stover,false
ee620f25-667d-4293-9a8b-2d7d9dd80950,Hyacinthe,Loeb,false
976275c5-49fe-4774-94e4-b54a19b8cccd,Yolane,Gwenore,false
609878f7-c108-4d41-b14d-5b78f1f16d30,Stevana,Niccolo,false
c90fc08f-26c2-4999-90dc-86f133ec7c7f,Cissiee,Sherfield,false
b77bf72c-35ef-4448-948c-a60f843f82c8,Tarra,Hanshaw,false
82685b4c-e4de-4f53-9fa3-4a9e11ae4557,Linzy,Wandie,false
10a10190-e561-4c2f-85ec-3f15a8d8f730,Alameda,Merat,false
1d547032-5bd9-4106-a93f-99bc6a93def3,Mariele,Peg,false
458ca62f-07a6-4105-a7dc-d4fa8eb82dfa,Flo,Dosia,false
788a72ec-c397-4e26-aa3c-9b724983956c,Vonny,Seligman,false
5b81690c-f656-4f89-b8e8-1614f6d79668,Merci,Donell,false
4a68c7f6-a9fb-4f02-b099-7ceaa5b22fc5,Arlina,Thilda,false
efdaa65c-72b8-46c8-89f9-48770c8fc13b,Anallese,Fontana,false
7f5567ae-fcc0-48cf-9777-358d97a388f7,Carly,Gaal,false
da5693da-05f7-402e-a465-47c9d449a8a4,Valli,Colleen,false
44fe7e74-6f3d-48b8-99a4-dc2e81d802f7,Viviene,Hanshaw,false
04654806-c05f-448b-953b-97174ed4bc0a,Aryn,Nester,false
a9b11f30-dc85-42c3-82c7-5082b74836d7,Riannon,Esmaria,false
255ed9f0-f9d6-4efa-878f-7964c2a971fa,Giustina,Ackerley,false
10c367c0-d6da-4b93-a636-058300b2f8cb,Brena,Firmin,false
95df0168-aaa2-4ea0-87bf-b2e2fd9bca92,Binny,Chobot,false
f9df429a-5d75-46e7-b48a-8f8ccb5c0bec,Veda,Janene,false
d48d5e2b-0270-4d53-83e8-ce33a98f3d70,Ariela,Leifeste,false
95fa9c2b-63d1-4470-9884-563acd06057a,Ursulina,Jobi,false
e219789c-b77d-4941-a9f2-5d3944bd1305,Amalie,Ephrem,false
c67ca444-7088-42e4-842a-7c29df17b986,Aurore,Raul,false
e1b27f36-6e97-4268-a8d9-eaae3e24f920,Queenie,Torray,false
b20fee51-3bb7-4114-a9f9-a1bc639f3361,Marti,Bevin,false
78017b2a-51c7-4a5a-8abb-45ea4a6d1fdb,Karena,Cottle,false
c754bee1-1c29-4ec6-a0c7-1f841949afdf,Bill,Amethist,false
29c5c300-7147-4d63-b2eb-17e896abe3c4,Valli,Evvie,false
6c443792-a58a-4053-b664-f3e8f66cfe4e,Verla,Monaco,false
9a5044a7-587d-4937-8f93-b117a15eb280,Hannis,Dermott,false
3086a02a-6484-4ed4-b48b-8703fb23cd1e,Bettine,Ogren,false
e0c2d52c-d7f2-46e9-832b-f100cfc44e55,Millie,Rebecka,false
a9e5e2cb-18b1-4ee6-bc44-1630d5e6c03f,Tiffie,Martsen,false
e47e148c-469e-4813-92d6-c44ee383eaa7,Donetta,O'Neill,false
1b82559c-cdb0-4963-993a-07bfdda35807,Sidoney,Sandye,false
5bbf19b1-67e1-4003-8742-2ca893d4cd84,Marcy,Fulmer,false
84fdad38-51f3-4681-aef3-4198ee3d9d65,Sabina,Docilla,false
8326ad00-aad9-4ff9-8560-8684591051c2,Liana,Freddi,false
3d2c1f42-cdc2-4d77-bb08-e925586165e1,Allyce,Goddard,false
9d81d070-1ddc-4b0d-9460-e1ce6388dc2b,Corene,Hubert,false
1e645e46-46c4-4402-922f-3f3e019e247f,Sybille,Wolfgram,false
b10048e4-d31a-476a-98a2-09780c7b6c41,Latisha,Gualtiero,false
f4eb631e-8a20-498a-9137-cc45ef07196b,Olwen,Zetta,false
f22f284f-95ff-4864-9533-8362fd8e91d2,Alameda,Elbertina,false
f48b32e7-c233-4bf9-80d7-1605a9632619,Cassandra,Georas,false
c7e18f7c-cc93-468e-871f-e7c745d252d5,Sharai,Garbe,false
2a21c4ba-e497-4652-a196-08b92d9f5cef,Elvira,Juan,false
3787ba24-021f-4bba-ae7e-c389c16be3ef,Tybie,Wildermuth,false
e51849a6-238e-48f8-a3cd-4ae29b94abd7,Natka,Morrill,false
d5848a9b-b12a-4e1a-ac45-73eeef3a75b6,Maud,Japeth,false
c7afd39d-787b-4548-8513-ee04357cb631,Sarette,Taam,false
148984ec-d453-4864-aa9a-0e46167d0c1e,Riannon,Tamsky,false
dc7d05d0-ec76-4fcb-85a2-189368ab23b9,Chere,Corabella,false
2ef955ed-e763-449c-8c74-be891f94cd12,Mady,Tyson,false
7c63885d-24d9-4957-b5c1-6f9fe6eccb7b,Sissy,Henebry,false
95b04900-d0a6-4cd7-83f2-9d0f1b4e23f8,Eugine,Meli,false
d1c2f7e7-d7be-419a-9f91-5338a2eabc77,Jackie,Paine,false
75388ac7-1154-4c6f-8ef0-9fed045ecf8f,Deedee,Sabella,false
0899754d-2994-4877-a829-179806e09cb1,Lanna,Ailyn,false
9a23af0b-8cdf-48d4-a8b8-64a3ad8c321d,Gwyneth,Audly,false
449afbe2-c3e5-4470-93f6-bbff060f2ff1,Maryellen,Maurine,false
a24ab4a7-9325-4bc5-9538-9fd6cf32ac4b,Ivett,Deny,false
b90aa11b-00c5-47fc-9457-5789ecfa652a,Susan,Dahlia,false
50805e05-bd92-4124-8047-4f5f72d2fdf3,Olwen,Phaidra,false
763502c5-212a-413a-9f8c-2a51ed6bb4b1,Valeda,Trinetta,false
7821403c-38e2-498c-8461-2787a272680e,Gabriellia,Kristi,false
819f0bea-816b-4ab6-8b93-6f6dee909125,Karina,Burkle,false
f0d4e931-b305-4c5f-bd0d-6d85a062a0fc,Alex,Marcellus,false
f92ecb4e-46a5-428a-abb2-27d761885a74,Nessie,Llovera,false
29f0e2ac-e35d-4b0a-a19c-ae86579f2d65,Kylynn,Rocray,false
7e56fdae-df47-4a50-b617-f3a3f7688f15,Tonia,Borrell,false
1ee09029-c76c-4c8b-91bf-4668c3aba81d,Fayre,Voletta,false
65d8b6f8-7929-4f51-aeb1-18b72ee708d1,Deane,Hurley,false
d4a3ceda-105b-4bfd-a758-a38673dd549d,Hermione,Kelula,false
55460e84-f5ef-4dd3-9d99-85ad23f07200,Lacie,Riva,false
12cd98ab-1ad0-4ec4-abe9-9bfd4ff3ac71,Helena,Han,false
218a2a8e-af6d-4980-9b7f-746a0bcc473c,Gaylene,Greenwald,false
d132e20d-c677-4cc7-92bf-0924eec74737,Corry,Alice,false
31360679-f1c9-416f-a160-1a872f5f6a47,Bernardine,Garek,false
5104f6ab-9e38-4774-8a82-0917b36885f3,Chloris,Fadiman,false
3ed9e64c-8add-4b80-b75d-e291d0a6c213,Jinny,Bethany,false
2dce4e78-522d-4061-9813-53e1dca20940,Valera,Brady,false
250a48df-cba2-4793-b46b-ee1622a28e1c,Yetty,Sheng,false
31d4e5e0-9079-4d67-a987-8ba610520c71,Adelle,Gualtiero,false
e4ba3f0b-8a38-4daa-a2bd-300e00a68586,Lexine,Randene,false
1b18c934-23ad-4e64-98d4-1660ef171aa7,Bernie,Rustice,false
ce88febf-e87f-4d55-b33e-1fcbe049343e,Libbie,Erskine,false
16516469-5624-4c74-82a8-9528a2e8b476,Johna,Hartnett,false
3a0b7ac8-8bfb-4982-8133-10093ebcb6e3,Chickie,Elvyn,false
51c6703f-f854-4584-8763-bcefe7da1357,Lanna,Fax,false
d893481b-4bb9-4d1d-bc17-83b963608352,Carree,Warthman,false
52639e4f-33c0-47f1-ab16-d770be6b20e0,Shandie,Jobi,false
1dc01c73-1136-4fcf-a48c-b4e02245434a,Alexine,Elbertina,false
0ea338e7-0f96-4c72-bf1e-dc38434975c0,Kerrin,Toffic,false
21c6c1fe-d9e6-4229-8a38-5d1a2b992177,Theodora,Gert,false
f30ab48e-c103-46b1-86c5-21cc5dd90345,Brianna,Ranjiv,false
70aa9a55-cd10-4ad9-b998-a090fa2405f1,Farrah,Joachim,false
8ace9d49-4262-4334-a65d-2b417a102c28,Myrtice,Atonsah,false
8b54dec7-ef55-4677-8182-3c3e90555e53,Jinny,Bethany,false
2a1242b5-9d06-4c26-aa81-74d39e316bf2,Frank,Weaks,false
a1ae6758-c0de-4215-9efb-2a1fda7a7aaa,Silvana,Vilma,false
34466ff0-ff2f-4cae-ae92-b8d79ac66923,Melodie,Burkle,false
7548852d-4445-417b-b186-658c4e63f46e,Ingrid,Dash,false
180e3708-c2a9-451b-81c6-11c8d98107d0,Joceline,Santoro,false
2db88369-d7d7-4553-aad1-2a16845b7507,Alex,Sikorski,false
19f97bd5-bc3f-4a0f-b16f-336c04ef520d,Sophia,Turne,false
5221cc95-21d7-400d-8517-12c56261c14e,Marguerite,Hourigan,false
ad90b9da-e7ab-40a9-a8b7-b18ca7253896,Mariele,Marisa,false
c6c7a5a0-d48e-44bb-bbff-d74404520e57,Luci,Olnee,false
3b0570c7-45b5-4414-9b7a-cfe863979da4,Concettina,Zachary,false
b774c343-b705-4a25-950a-0dccc24af860,Alie,Susannah,false
ab18da31-ae18-4f50-9f3b-27b2394e3298,Althea,Afton,false
a9181001-1c2c-41c4-9408-68d1b8e4c118,Orelia,Robertson,false
de7d4b51-bf8d-432d-b319-54caa04b8782,Josephine,Howlyn,false
412e73ee-49dd-49f0-b010-e96da9458599,Sissy,Faria,false
7d9de649-70d3-46f1-a18e-8705304cabca,Lita,Fancie,false
29fa8440-ef8e-4728-8796-fb0a54980ce5,Jackie,Durware,false
9de92f62-8b1d-4c0a-8c17-ea9e9f3fb979,Louella,Mendez,false
724a58fb-3b6f-4274-b615-d5c1e5948f63,Noelle,Azeria,false
e8c61d12-c617-4b75-b45a-b3ac284faea3,Gaylene,McLaughlin,false
5edb2a94-dbee-4421-b095-230195589abf,Winifred,Yam,false
1ae2acf7-3bde-4308-8698-3b32b20736fd,Danny,Sigfrid,false
044d2562-be65-4017-a2f4-a4e881c15cc2,Elfreda,Ariella,false
e8b3321f-26d2-492c-b921-90e0e71239a8,Shell,Emanuel,false
fa9c8241-164e-48ae-aafc-410e5c7ba5a8,Cacilie,Germann,false
1793dc0f-da2c-4413-821c-5af610dfafba,Katuscha,Thornburg,false
69ce522b-8583-4d2b-8114-67ab6a336cc6,Ileana,Ciapas,false
3fd88cd8-6361-4ea2-a562-78dfaa1e91cf,Daphne,Nickola,false
a1ddf832-6d49-4f26-b733-6aada9e03d5b,Misha,Elvyn,false
2380322b-fb13-474d-84f1-635554f3d148,Daphne,Thunell,false
c7eec1ae-b248-4f43-bd99-11080b68e03e,Gusella,Daniele,false
9651e65f-82ad-4349-9da4-79f307109657,Corene,Lacombe,false
53c77d52-9df0-4123-8696-14b9df5e3a95,Aubrie,Hanleigh,false
dc7aa38f-5ffa-40bf-bc54-d4feee991948,Harrietta,Nahum,false
c6cac327-66d5-4837-a4e1-fea95655cdd6,Raina,Dituri,false
611ec4b6-0696-4c74-954b-0ed381bf9cbe,Libbie,Cloris,false
aadb7571-e5d1-4ad8-89b3-f831454a011a,Mignon,Belldas,false
723b6756-7999-4c31-9c4f-8c903cf66047,Roseline,Ricarda,false
49417ced-373c-41b3-8565-3ec80f2d4c85,Hyacinthe,Hoban,false
2d275ac2-d95a-4bd8-9465-d5fce6c3522d,Sheree,Ruvolo,false
6735a171-abec-4539-81a9-ac5becbc5ef8,Elise,Flita,false
a37d6136-64f6-4bb7-8975-7d0ed0d41429,Helsa,Stevy,false
a7713f0c-0cad-4ea3-9866-2f4818c91cd1,Lanae,Elbertina,false
3cec597b-4abd-465d-b680-cdcdf2a84200,Kelly,Eldrid,false
e6cd3f83-cc30-4cdc-8088-dfd512375b08,Marcy,Carmena,false
c6786d74-c96d-470a-8653-60a3f9660697,Raf,Demitria,false
db68db78-c1d0-4e1d-b7fe-4827166b3441,Fidelia,Cadmar,false
6b8abf47-ef9e-47f8-acb3-530537b28030,Minne,Presber,false
0b914738-08bb-47aa-8951-1a2106a072db,Lila,Desai,false
22f04282-c918-496e-8bb7-c225a61a657c,Glenda,Thema,false
084e02aa-9120-4e97-b8dc-a9a46432885e,Kirbee,Taam,false
5f130748-64a6-4f91-8452-dc8d515c5554,Liana,Hermes,false
f8707d3e-f693-47bd-aec1-29e2821b00fa,Tracey,Sperling,false
169d47cb-9dd1-4d89-a04e-be6e184069e7,Marguerite,Eno,false
777490c4-e1a7-47d7-85bb-78aea88af45b,Cristine,Franza,false
5ea1db82-322a-447c-99f2-ae5f81b149b7,Marcy,Armanda,false
510dc262-079c-4f20-a7d6-b6f8b405c529,Zaria,Kenney,false
ca3fb712-9940-4aaf-8471-e057ae8149b3,Mellicent,Earlie,false
e418611b-912e-496c-b10a-c5fc51a2ce7f,Willetta,Shanley,false
27fbe633-cf6b-4ee9-b620-ebf97bb1561e,Amii,Wind,false
1f4050ee-bff2-4b39-8770-945371ef4769,Sheree,Cohdwell,false
9c28c414-d81b-457d-a895-1ae978a05e38,Marcy,Billye,false
e8381917-6d38-402e-ae5f-b28cb9d8e611,Deirdre,Euridice,false
7ea9d675-6cd6-4eb7-a46a-282250d30e26,Celestyna,Giule,false
4936efca-eee5-4798-a372-577afaad4aa7,Rori,Japeth,false
be6a0bfb-b6b9-4cd4-a1a5-9e33106b3355,Taffy,Celestine,false
46a5014b-aa88-45cc-bcca-2dbed2a26ac1,Renae,Susannah,false
12570b19-d3b6-4d57-affb-28567950ed2f,Robinia,Bergman,false
3237eb79-f701-451e-a0bc-e66c7f7ed079,Sindee,Schalles,false
b241cbf3-aed0-4d79-84aa-7fa6b4b4e12c,Lynea,Pearse,false
0f153c07-db0b-4a9f-9afd-7ead119a967e,Kathi,Nadia,false
458f53d1-2502-4bb3-ba36-40610a1b51a4,Hermione,Sekofski,false
9fb536a1-d2e8-4d7d-bf53-1907fae55dc3,Libbie,Prober,false
53ae11d1-2e71-4ae6-a607-ffc316fa658b,Gui,Elsinore,false
2e0980ef-e1ad-429d-9dd8-b558caa0428a,Xylina,Vittoria,false
86db8b8a-1276-48f8-8324-f0ee6538eced,Tersina,Brotherson,false
5f11156d-068a-4468-b260-86b79f68f823,Dorene,Freddi,false
403a79de-9472-4692-8c4c-0712fce7abdc,Mara,Rurik,false
98c73f3f-a83b-4f22-a35f-12f86918230d,Margarette,Yam,false
fc390b47-f5e8-4495-8b21-9bd470758150,Lorenza,Reidar,false
11067167-f5b9-41a0-8580-c889b740e0be,Genovera,Millda,false
6a647ae2-b78d-4cec-8aba-0f48bb324651,Alyda,Morgun,false
51c2829b-df75-467a-b1ed-8c9b807f26a9,Desirae,Eachern,false
2a88735d-caf5-4432-91df-eafac2816c4e,Madelle,Margret,false
9ae746db-93d3-478a-b844-bf83e50fea8c,Lily,Clie,false
c65297c6-00bf-4b6a-be28-33f0126649bc,Celestyna,Marisa,false
59293a43-de33-467d-8f21-4bd204f1c2dc,Marleah,Rhu,false
4c15e381-e4f0-4a79-8766-489961c76f67,Vivia,Secrest,false
081defe8-b3f5-453e-8671-ffcb46b7eea5,Nananne,Nance,false
6927e51f-9ee9-48da-b1d2-72c34073b19e,Emma,Schroth,false
8d8ccfa4-3b19-41a2-a31e-af4edcb279cc,Ketti,Strephon,false
ea02141f-9449-46ae-8623-37be8a4409ad,Cacilie,Bollay,false
5678bc45-93e8-4362-9d24-04d42caaf963,Robbi,Rolf,false
413c0de5-59d8-472d-a9f4-4601092a987d,Constance,Maryanne,false
6bfa2121-7740-410a-8e31-7deb8489d035,Stephanie,Zetta,false
29a3be4e-ba23-4111-949a-d5fe45e38f42,Willetta,Marsden,false
588e9871-421a-4bf3-bf0a-d1ad3462d420,Chloris,Danby,false
423d8a48-f6b6-4d6b-9999-d050f0c310ce,Brietta,Nisbet,false
c40052cd-add7-4373-8868-6ecaa543bd22,Renae,Lutero,false
febccbaf-527b-4faa-9643-34debdbdf691,Mariele,Letsou,false
4ec7c277-a30a-4468-a40d-b1524ae5751e,Mignon,Longfellow,false
e69f34f5-e0bb-4d21-b230-f3a105c9dfd3,Jenilee,Dunkin,false
ec8be39b-716d-478e-9afc-69f4c11bdaa1,Nikki,Hathaway,false
e9af7a80-a4f6-4db9-9c25-c80f65477ebd,Petronia,Marcellus,false
b532a186-f9bf-473d-a4cc-11fd2c0afc1d,Kathi,Pozzy,false
d1ff6d3e-bf05-430a-ba00-dc1449d20097,Flory,Niccolo,false
394234a6-c302-40fe-994b-ab85b070f693,Ana,Demitria,false
0fe21c4e-86d5-4539-9c3f-00c45542353b,Emilia,Brian,false
f3f3a958-b538-43e4-a1f6-05edf6a85e15,Katharina,O'Rourke,false
0e91dc86-d801-4932-b9f5-b0f04645a747,Kirbee,Rudolph,false
5e7445fe-50a7-4d6d-8969-9bff91488bcd,Jackie,Brieta,false
ca6a3f5b-eca8-4f97-9fc3-00196cd88e11,Devina,Rustice,false
dc261c60-a59a-493d-b763-85aa0df42c77,Konstance,Even,false
3d352278-8340-423c-8c5a-d1b04704eb54,Jere,Faria,false
06f38db9-7bfe-4756-9249-7165ed0af7e8,Paule,Beebe,false
945fbe93-4376-4ede-9aeb-fd51d60fb744,Wynne,Jehu,false
0ef1f9da-07b0-4fd8-83e4-452eacdfd560,Zondra,Pattin,false
a5b1bc48-90c3-4885-9b87-f3a10e6dcc19,Amelia,O'Rourke,false
a8ea5ebb-c861-4bb9-b358-10e279671224,Hayley,Gusella,false
11162f79-869f-4df2-9353-a37a05796cb2,Bill,Chobot,false
51f54cb6-8c08-4de7-9d8c-002affca53cc,Etta,Dunkin,false
ebf1e7f0-0d38-42b5-be13-cd6fd921c1d9,Heida,Mike,false
11154e5e-4920-4c41-a204-f96c21fed6b6,Tracey,Delp,false
ae0efbcd-deef-44b7-bc00-0bcbebc9e17b,Linet,Simmonds,false
d4e7ea4c-a43c-4a9a-a08e-29551fff2c29,Caritta,Egbert,false
62afdc0f-8e46-441d-90ee-b779cdcaac05,Beth,McLaughlin,false
9b348eae-6df4-42eb-9c86-8ddd47826c7e,Dede,Kermit,false
4ea4e6ea-130f-4951-b8ae-1235cf79800d,Morganica,Wilkinson,false
ed6e6bc1-3b7e-41c3-b000-8f77955fdcb0,Hettie,Yorick,false
b214c860-e388-45de-9569-f0023b62eff5,Etta,Larochelle,false
a84ee2f3-38e8-4560-b562-a029a456c60d,Pierette,Carri,false
4c76e2c5-80b7-4579-a611-fd003c64dffb,Lita,Oscar,false
00a6031b-7eba-4e18-af52-13f89c41e7a3,Kalina,Berl,false
44cd9d8e-71a9-47f5-bbdb-105c43b2183d,Justinn,Ashok,false
e52fd82d-b9f8-40de-84af-0b4ce8f9cdee,Pamella,Remmer,false
b76fed0c-ed5d-421a-b140-45e6d8cc42b0,Jillayne,Nester,false
ab2fec6e-4e22-4440-8bc3-387152bb396d,Camile,Ventre,false
3df0f72b-ebfd-4b96-b7dd-cca88f2ab054,Madelle,Mott,false
d9e69e3b-55b4-439d-b99d-de42c71bd54e,Clo,Elvyn,false
f8ff88f8-e91b-44a7-836b-7b1dff01df26,Brynna,Jacobah,false
e7247eea-ae4d-4dbd-b8c3-17c01a4a83e7,Aeriela,Martguerita,false
de8a697f-0ca3-4c49-b8ea-c323278a4756,Rhoda,Stefa,false
b6ff529c-b2f2-4ace-bd13-6a734a3267c9,Hyacinthe,Roxanna,false
6cb24619-d580-4ca7-90f2-34432e77c5cf,Aubrie,Edmund,false
e0d6fbd7-85aa-4c81-bd33-a441103a81a7,Agnese,Gaal,false
b778c7c9-af5e-418e-976b-4bbea5d02102,Veda,Stover,false
836788a8-5c5a-4892-8518-8201fdf58fa7,Arabel,Shaddock,false
e0e99604-ed0e-4bbf-a547-70e8bd99b4c1,Neila,Ferrell,false
59fee500-74cb-45b7-8398-e98594d8c8db,Etta,Norvol,false
c99a1829-ffa9-47e0-a0cf-095b6d4937d4,Emilia,Delacourt,false
6d3f3e9c-13dc-40c5-836b-6548bf53646e,Marjie,Daniele,false
aab8d773-b3f3-4658-a237-e33e047ae544,Helena,Moseley,false
89f2bdbc-1cf0-4732-9dd0-a07449003c5b,Joceline,Olnee,false
c48012f5-6adb-44aa-9a79-a879a32818be,Ginnie,Bonilla,false
1b62740e-a7eb-4566-8897-ba0d0245965d,Kirstin,Pascia,false
9214a04e-ea45-436f-b70b-f5623718cec1,Queenie,Colbert,false
914af97a-516b-4669-a192-854bfae0d57d,Paule,Brunell,false
da83257d-c823-48a9-b4aa-1a83c544c91c,Valli,Sharl,false
604bf4f7-1f8c-4d56-a608-164ccd3ffa28,Celisse,Clara,false
1eb70162-bd9f-4961-bc49-2c5581bebae8,Kathy,Teryn,false
973ee3ab-6a4d-4a59-9a3f-87405bc6d08c,Tobe,Kirstin,false
0e17664c-55b7-4c23-8330-e8682d3db2c9,Linzy,Firmin,false
b83a47cd-ca6e-49f0-b0e7-6dc1637f5634,Tersina,Isidore,false
2975f1b9-81e7-4c08-aa08-88e84fc177ac,Ruthe,Ardeha,false
5f179654-4f76-4b55-91e5-f22206a57954,Madeleine,Peg,false
d79bade4-82dd-4d4e-bf0b-71d1459cf8a2,Selia,Brady,false
9be28b96-1785-4a5c-be4a-9e141e483e79,Roslyn,Sabella,false
301fef20-304a-4e98-a7ee-330ab9b33c8c,Aubrie,Ricarda,false
e92909d1-436b-4e9f-b59c-15a8a91914b1,Leanna,Lalitta,false
4b152d6f-7f82-4e91-8e36-e4d2eb0eeebd,Kial,Hanshaw,false
b1ae5d1f-8390-4d4f-8eaf-07b0fa1715e2,Lorie,Kenwood,false
0b0dca4c-9b67-4527-a36f-70eb57e8fc26,Binny,Laverne,false
116134fb-e13c-4fb5-80ce-88037eb77bc8,Hildegaard,Gunn,false
9f0b3f5a-18ec-446a-bac2-b82031f2e0a4,Modestia,Redmond,false
262ffdc8-04be-4e9e-9123-47c2b20f11c0,Nollie,Jalbert,false
139af8f7-5359-4f88-a557-0c19bb864446,Kial,Brodench,false
a04686f4-2592-4175-a15c-7dd2a21d5904,Concettina,Adore,false
db1b66d3-5cf2-49cd-a087-26cf1fd870a2,Brana,Jeanne,false
5ff30ff2-7113-4789-80df-3e839469fcea,Tracey,Nikaniki,false
58fa4832-1269-4e74-a770-5c60ba6588f5,Elsie,Clara,false
6af06ac9-67e7-478e-a492-deeb65eda916,Lenna,Karylin,false
5cd099c9-fb44-4dd6-9483-2cb6da813455,Almeta,Narton,false
4d6849ca-4b2e-46c2-8a67-cb93db4b14ab,Dale,Markman,false
37543227-1f6e-4272-b620-bdaaef27974d,Charlena,Minetta,false
378c2339-444f-4af0-b186-f80c31a1648c,Raf,Palocz,false
c1df4a3b-4d6b-4d67-b205-df9c4bc01b3e,Caressa,Wadell,false
5f46c0ce-acab-4f4c-afd5-4418d25ed00c,Emylee,Podvin,false
eb2b18ec-4820-4892-9822-ea1dc1ad35fc,Lorne,Alwin,false
0124b7c0-8316-4a6e-8eba-7590d8196599,Laurene,Graig,false
7fe14d92-4900-4343-b0d0-30a8f65befe3,Suzette,Hilbert,false
d2ecd797-54fb-4e4b-977d-483d0509d6e5,Nelle,Jagir,false
01be54fa-422f-433c-90c5-157843773274,Roz,Saint,false
cc85dd4a-730b-456b-affd-bb674ab7da74,Tilly,Helve,false
1cd56d3c-e57c-4989-8cb5-2a28d01aec28,Adore,Virgin,false
ed60c038-8a24-4349-b468-b82bf8c92a00,Farrah,Minetta,false
788a290c-f882-4e5e-ba4d-5ead590633f4,Lynde,Stevy,false
8611d804-2af3-412d-b42b-f711de7293a1,Paule,Merell,false
4c7b1518-8524-48dc-8b3e-2fcdcec066ef,Shauna,Francene,false
f73021b5-e82f-4f42-96cd-3f1c96cfb795,Siana,Telfer,false
a2b32532-9030-4a62-aad6-b758356dda0d,Latisha,Heidt,false
8c32f6c7-f036-415d-8d81-702f7e900c92,Jeanna,Infield,false
a8509cac-0db6-401c-b2c4-f903d970506c,Miquela,Kathie,false
3aa8f806-acac-433c-a5d8-0bae36759e76,Emmey,Tamar,false
2a269d46-e713-4106-90f2-6fe9252e80fd,Sallie,Dearborn,false
f03f9701-c916-480c-a2da-0aafbdc4e25c,Ezmeralda,Zamora,false
c3965931-6021-4e04-b3be-46373e19b5eb,Priscilla,Tyson,false
82cc2237-4369-4fb5-87f3-a4eeca726686,Phedra,Ciapas,false
23f0951f-92d1-4591-88c4-701a3bd56fb7,Noelle,McNully,false
63a9b88d-53cc-4b1c-93f2-123dda8c6f0c,Sean,Baptlsta,false
355fbd52-5898-4d75-9491-de2c5686c4cc,Ada,Stevy,false
e60b51c5-b6f0-4576-b5df-b1bae7ea905c,Agnese,Beniamino,false
2dbe88cd-9daa-43c9-983f-3bf43769562e,Sandie,Ezar,false
b100b77d-b0fd-4382-b506-1854847ff1d2,Taffy,Riordan,false
50c55286-4e93-4c26-ba1a-2a0b6610f71c,Cherilyn,Hanleigh,false
835db478-e5b9-426e-81a7-6b33bebfa2e1,June,Thornburg,false
359a6a71-fdd2-4fc7-a7fd-e95775341c03,Odessa,Susannah,false
6c26c1b4-f82f-4ca7-97d2-4103fe0dec2c,Elmira,Gilmour,false
229bbb94-942b-4c35-a8e5-28320f5a7777,Fawne,Corilla,false
23f8611c-dc25-4204-a29d-ebe556277f0a,Cyb,Zaslow,false
8f8d8772-873f-4b0d-a0ed-44a42bcd205c,Clary,Codding,false
35d04062-e950-4535-b4de-b74cfd2b0424,Lynea,Lilybelle,false
0617e68c-d3af-48dd-ab7c-d634f432240d,Marleah,Erb,false
380f1206-7e35-4e21-8ec0-a34d4747e67c,Viki,Gibbeon,false
f697a2cc-ab1d-464f-b212-6860f8fcd298,Linet,Stephie,false
c7397a6a-0e4e-4511-b9fb-b46a427949c4,Kirstin,McAdams,false
9913b8c8-4fd3-48b7-b1af-92ddbc2f2a65,Ardenia,Baptlsta,false
bce79688-024a-442d-9272-34d5170d0f25,Carly,Sisile,false
f87167f4-b958-45bb-b42a-0d7d4da4ddf3,Ronna,Laverne,false
797ff620-4065-4899-8579-d9b7a0c7fc17,Joelly,Dorine,false
49c6dcee-b7c7-4613-a877-f417a71804c2,Anthia,Jotham,false
6fd0d576-68af-4b75-833b-ed28aea1419e,Consuela,Hanleigh,false
57ce9803-89ec-4e86-a9d9-40d102ad90db,Teddie,Buffum,false
53b10a68-29d2-4ac0-9a17-233118e463aa,Paola,Couture,false
025ba03b-d3b4-418f-ac2d-a8942dd3738a,Chastity,Ortrude,false
6def646e-8879-4a7a-b639-abd4fbf7814a,Liana,Calhoun,false
9a88bc50-c8a3-42c9-8d90-1afee80216a9,Mara,Raama,false
f94502b9-5533-41ce-a7bf-fb1a869986df,Lauryn,Berl,false
ec663cfa-4def-4ecd-8d32-42d7d8f8b8ef,Johna,Tayib,false
257e2901-e34e-4936-a1f8-b03cec2ffcba,Bibby,Bollay,false
e5812701-f06d-4a46-9e45-78ca114a74c7,Kirbee,Sigfrid,false
6b0bbd4f-3aa9-4d99-831a-2f77021c9e3e,Tiffie,Freddi,false
cc664698-f881-40a1-9ed5-4d339586048d,Norine,Parette,false
37318723-bc4a-4f91-aa51-af026cb85af2,Jolyn,Sheedy,false
d3807ce3-36db-46b9-8816-0cf34bdb0e25,Giustina,Quent,false
ec56923e-73fe-41be-9699-29bcdfe8f806,Wendi,Ries,false
e01f63e3-6f30-4efc-bff7-16da5b52ecb6,Kore,Larochelle,false
89f15126-14c5-47d3-aacb-ca5e2937c355,Aurelie,Graig,false
d1f38414-20dc-423a-89a5-6a2e3fb566e3,Ashlee,Sacken,false
eb9318b0-266f-4da4-bc20-6afe29753ad3,Berget,Yorick,false
03a02f6c-44ab-4bbb-b6da-7663f40278ad,Daryl,Israeli,false
4f88b744-c3d5-42be-bea0-335da2d89ecb,Ronna,Blisse,false
1b2a5bfd-5f8e-465f-8b28-790c6f354031,Imojean,Sisile,false
0c3364f1-e9b1-46d7-9da9-8cbcdd8eed7f,Anallese,Bobbee,false
fa3b0987-a9c0-4f52-a27e-5dbb9a883a3f,Vere,Docilla,false
5caf7d45-a95a-4ad6-ae3e-18bac718e343,Romona,Morrill,false
9709bc6b-6ef2-47e3-b6c8-ea8aa1e8120c,Willetta,Erskine,false
ecbf5911-bcd1-482b-9c6e-8195df75322c,Rhoda,Pyle,false
812aea0f-564d-4fa8-b1a2-8a5df644802f,Bibby,Hailee,false
f3137ffa-a732-43cc-8c51-8e6f3bddd8a9,Laurene,Salchunas,false
4447954a-57d1-40d1-a198-f40cf9245f6c,Leeanne,Liva,false
deee8e67-da36-4620-8066-7089c1bbfb75,Linzy,McAdams,false
c898b069-581d-49dc-aad4-c96bf1fe7d3c,Beverley,Noam,false
802c1c26-800f-4773-9e19-8ef2e0ed60b2,June,Roxanna,false
279615f6-318d-4a2a-9b4d-fd443d4c96ff,Rochette,Thad,false
3009464e-c90f-4c9c-b6a5-315c2a68e911,Mildrid,Sasnett,false
f9f603fe-f593-4a26-87ac-508ad317d068,Ida,Erlandson,false
05ae5ce5-b939-4077-9599-4f7bfb30526c,Sheree,Teryn,false
ee29f42a-d05f-47d2-abe8-c90f1d8e0d5f,Gerianna,Alejoa,false
5d0f9158-786f-4c2e-b223-dc8716abfb37,Belinda,Denis,false
62c1aeb9-c1c2-44f4-ad37-0601ed95c6cf,Ruthe,Marcellus,false
7997a81e-6355-4f00-bebd-c5e18379f5df,Catrina,Stoller,false
5b71ef2a-a8d7-4492-b6c1-36f2781c01d2,Carly,Rese,false
ce0541a0-8d07-4b8b-a5ab-a05a16d270ca,Mariele,Egbert,false
5d3722c7-d5b2-4e4c-8d77-ad2ff88bef05,Bobinette,Septima,false
3bccf1b6-5a2a-4f6f-aa3e-e1c5e043a6e6,Demetris,Sothena,false
ff955797-8c4f-4a65-9842-5c4054be3b64,Phedra,Lorain,false
3c96e088-1fb1-45e4-9ba0-fe1eeaabf3db,Sibella,Maribeth,false
5b1b9548-5bb8-4d09-bd59-a2dcde0ab240,Susan,Heidt,false
d71808cc-d988-410e-a192-4157e7f97f0b,Cindelyn,Nikaniki,false
a0d38372-c078-4ef3-8dd1-573886f226d0,Violet,Fabiola,false
c11d998c-1c1d-4311-90f1-a0af47c0bef6,Alyssa,Jacinda,false
97b8241d-4f1f-4588-b5b3-a1ecb30cbb90,Esmeralda,Marijo,false
f6b042e0-8a7c-4da4-9b48-30727e14e274,Sashenka,Olympium,false
d94d5fc9-bbc3-44ef-885a-37699b1e6991,Vinita,Ackerley,false
db394a91-1b58-4417-b863-a91f4b662d79,Andeee,Tyson,false
fda971f1-6fdf-40e9-bcef-ea3ce182c930,Marinna,Vary,false
723638c0-33f9-4772-9cd1-796c0880a13f,Willetta,Dahlia,false
6ca32626-c03e-4521-8347-c5ef6a3f9d7f,Gisela,Jerald,false
bd429aaa-8ce7-437e-8fda-c19996f3b63c,Marnia,Dannye,false
8bcbe5e7-3938-474e-857d-3ac0a243e213,Johna,Drus,false
e93cdad5-bb5c-47ed-980d-c9c0e23bad9b,Lacie,Weitman,false
117db9de-2907-4516-9e8a-2c1f72f6e461,Lila,Sawtelle,false
3294d534-e3ff-4743-a2e9-58be04daa07e,Veda,Podvin,false
0ec18e48-8848-41b5-9674-c8d04e54c757,Judy,Kirbee,false
88856b3e-99b7-458b-a2e2-c65250c667a5,Molli,Adlare,false
1517cfb3-eab1-498c-bde1-fcfdcc98bed5,Oona,Carlson,false
1c28f985-1851-4437-8112-ef01b2036311,Etta,Leifeste,false
be262ff1-ab28-47ec-bae1-aab9879cc8e5,Cassandra,Lenny,false
669bfd05-15d6-4cee-96a0-c7a8f5f170b1,Tomasina,Howlyn,false
fcf3dcde-5c51-4232-80c6-88bdeed9cc10,Celene,Simmonds,false
361222e8-a375-4581-b1d0-596ed4d8cb0f,Vinita,Arquit,false
ae3a7f4b-64ec-493f-90ef-0304e60f54d3,Tarra,Vastah,false
7471a8f9-78be-4b54-994c-39df525a96f4,Magdalena,Nedrud,false
d92751f7-2ab0-469d-b21a-f078366c732a,Susan,Peti,false
2c286665-dd30-4ab9-a66f-e60985072929,Hallie,Lucienne,false
328d886c-c5f0-4244-858a-22b03553cfcf,Pollyanna,Mendez,false
f60cff55-839d-4f8f-8eb9-42f985e6c661,Alleen,Ardeha,false
ee7cca98-5c71-4b97-9914-643395e9ef94,Teddie,Poppy,false
0d2e3a40-c57e-4fd3-bb81-6af723fb2fa8,Cam,Francyne,false
1bfe0270-8d32-4e94-a669-28a3c128e3d4,Kerrin,Kendrick,false
c5afe8b0-faaa-4995-a2c2-1f0380cac1a1,Trixi,Hailee,false
c6f63464-8c65-4582-a4ad-fecfa6a5a684,Arlena,Ramona,false
e167e12e-ded8-4b0c-b127-80da06f8c864,Chandra,Thornburg,false
23613dc9-acf8-4a25-8e02-4fdcb38166c7,Charissa,Ashok,false
4d2103bb-a50a-4adb-ab85-78b38337aeb5,Emilia,Fleeta,false
d89ec831-0719-4f1a-ba23-2bd9f3581039,Cristine,Lay,false
910c1e6d-c6c2-4319-b7db-8111ed5028e4,Aryn,Boehike,false
a1055a00-cda5-4c49-a38b-74bff3154c6e,Mildrid,Sasnett,false
e2a1bc5c-7056-4b67-bf5b-f6eea9d75e23,Gaylene,Sadowski,false
7dd1d462-7022-4922-95ea-1ae4a1d320b4,Lanna,Weide,false
2a89745e-8e7d-4527-8772-8e191813a3a8,Lucy,Ricarda,false
d910dce5-8f76-4160-b014-5b3ea39e9f34,Sashenka,Olin,false
bec7f5dd-7f81-48ed-adc2-19632147e53d,Michaelina,Corabella,false
e9def29a-af1e-4ba4-a101-8902978b6a79,Tonia,Tayib,false
8883fc87-cd0b-4a48-9d4a-18c95a59e72c,Lacie,Radu,false
a50f9099-3a48-470e-ac65-593e58ad09e0,Rosaline,Syd,false
a97be8fb-5631-43c1-b582-20ab52af51d1,Noelle,Jorgan,false
09229a25-c7bb-4ec8-8ebe-4db9f2c8bcaa,Jessamyn,Haldas,false
944542ef-dbc6-4d03-94ed-e8115c88f75c,Britni,Ledah,false
73a7960c-2dd4-47d2-ba22-ea9a3003841f,Peri,Blake,false
d0de7e80-0228-4659-8efe-9e40db040f7a,Lynnea,Rossner,false
a9fa4a0f-436d-4e13-b22d-cbca90a5b8bf,Molli,Guildroy,false
942c02ca-8d73-46c0-9565-c77e8e188e84,Maye,Ogren,false
9d9adf9b-684e-48b7-adfd-3f2808561f5c,Heida,Glovsky,false
154231cc-3b02-4fb9-8127-7aa51e298321,Gaylene,Even,false
43484271-9e38-4c56-a21d-9cadc8b3f5b7,Raquela,Dyche,false
cb7515ac-646f-482e-a8bc-1b3c27b1eac7,Sheree,Mehalek,false
06b85824-da4d-4718-8843-b32e41da3673,Netty,Donell,false
e27c1330-7216-4276-b083-f329105b56d4,Charlena,Daniele,false
4fa49eb9-3a07-4cc8-a20e-d05877e1dc42,Alia,Geffner,false
c1bce5d5-df19-476b-b91d-e6b6dd9a418d,Joelly,Heidt,false
934ce297-049a-4d32-91b7-6a750ec11452,Ebonee,Ethban,false
fbd6563a-ae7f-4119-bb09-a01c2d68dc96,Dawn,Guthrie,false
b759ca6a-1d4f-4beb-bae5-5739267159f3,Kaja,Olympium,false
edbef063-db07-47a0-83a5-a44d38137fde,Rayna,Morrill,false
2feb6d61-81a5-41e2-b0a5-aac131fbf9da,Minne,Howlyn,false
1f89b796-afe7-45a2-a6d0-a8bdae987ff3,Janis,Grobe,false
9de25b6c-b27a-4045-bf1a-e141e761c0e2,Mildrid,Ivens,false
fefde2e7-bbd9-431d-9e90-b1e07cb4ed21,Georgina,Yuille,false
f3f76dc1-5b5e-4821-b521-5ac62853ba83,Lonnie,Oscar,false
5be76fd4-d08e-45c7-a7ac-043ea7238409,Nessie,Nahum,false
91a16226-cbea-4798-8203-9140db5e1bc2,Maryellen,Randene,false
297fc49c-0dac-4d6b-907e-2c9d299c95dc,Britni,Naor,false
8573a80d-cc24-4b48-b782-0ddb0d99af6f,Eolanda,Sabella,false
d53e3c77-f401-496f-b813-696c41757b8e,Angela,Anton,false
4beb93d0-08e4-436d-95bd-a6028909b74b,Ruthe,Schenck,false
e5199263-d17c-453d-8ee7-fb4dbdb2820b,Sam,Aprile,false
e7bef5d5-75e4-4c52-976a-d4b5837e2a78,Gilda,Vanni,false
de9de3d9-936c-43b5-a6c8-681350565529,Dagmar,Millda,false
d9239466-9c2a-42ab-a2cd-8a75014d419e,Libbie,Middleton,false
4ce19f07-291a-4673-a9c3-769ee8f79e44,Winny,Marcellus,false
09641600-534e-4c60-ad80-85e388bb65bc,Shandie,Chem,false
5103313a-0146-4e9f-8dcb-4c85f92a43fb,Elka,Havens,false
458bd90b-65ea-45cd-a3f4-d44249708d37,Nananne,Sallyann,false
ca1f86bd-f329-4d41-a1a9-18c5f3d9a690,Bernie,Fink,false
bed2832b-2330-4c15-9f75-2afa262961b1,Elie,Ball,false
8cb892ea-e823-4d91-8b79-8ae383743e66,Raina,Helfand,false
802d4e65-1eee-4f68-a4b1-2f4997df1c79,Mariann,Dowski,false
4f1cb1c6-44e9-4886-b4f5-2819554e8060,Pierette,Peti,false
67e9a65f-9a06-4986-b645-7cf3f801e5e0,Agnese,Posner,false
c82df215-a0ac-43ea-a576-c5afbd97aff6,Dagmar,Zuzana,false
841b3e1e-1c81-487e-8c75-1c7bad0451f5,Nerta,Erlandson,false
493f8267-82bd-40b1-836e-984a4bc9a1d4,Reeba,Uund,false
77ff4a9c-a1d5-4044-9bf2-b00916fe848c,Hildegaard,Allare,false
2cef8980-3671-4593-a2b9-4f82a64f6b9d,Lelah,My,false
0cbc6a08-d0f9-4906-847d-6745604fd592,Jenilee,Velick,false
9f95d006-c14c-40f3-8036-b5cdb5434a35,Ardenia,Suzetta,false
79584a4a-d442-4603-8ed8-46f589bcd701,Raina,Delacourt,false
0a7363df-a652-4650-adc2-d79a137bf41a,Cathie,Pyle,false
46b40666-6e8b-425c-80a2-a9e560578fe6,Elsie,Pearse,false
1501be2f-4f5b-48a9-9b82-267448f9fe5e,Cyb,Elisha,false
d5081f74-6911-4889-b9c8-588b34f4c8af,Charissa,Holtz,false
eefe931f-7a7f-4691-b5a3-387cf6fbd447,Gerrie,Mallon,false
f6cb5d23-9243-46ce-a2e5-58ef39620267,Ardeen,Chrystel,false
379af688-56b0-40d2-ad58-f3abedca5552,Heida,Zenas,false
14cdbbf5-2a0b-4609-b5b8-b11aa20b4cf6,Sheree,Iaverne,false
97b9bc23-7632-48f8-90a7-def45478dd19,Binny,Durware,false
aa61ca34-a141-4b69-b032-cf060553a413,Joane,Maxi,false
66febf6b-5841-4006-a8ef-21b394c3b90d,Fawne,Shaver,false
2ee864d6-acd1-42e1-8dde-8f2ddaca9b57,Daryl,Paton,false
ba5ac388-6f2b-4a8b-8a1b-a7cd4c79f168,Genovera,Juliet,false
32fd4c44-6b83-406d-8906-f4c5ff486e89,Tiffie,Margarete,false
1e64c941-dd54-419b-a85a-2760f2c0ff7a,Josephine,Weide,false
719f3ff2-84cb-4f50-aeeb-343d121ee486,Shannah,Radu,false
0340ca14-7670-46e4-85d5-a5b7ae494bd0,Sissy,Loleta,false
622e7d74-45ad-4c4d-a14b-f93a3f131bc2,Patricia,Bates,false
b38c57e2-5c2e-479b-bb24-b94725d9d60d,Hettie,Corilla,false
978f29ef-1038-4e3b-b791-ced596022763,Allis,Ulphia,false
a873d26a-891c-4087-9bd5-20226f8e207c,Noelle,Johanna,false
968db5f8-9aca-4455-9501-a783c4b29b27,Ardys,Marsden,false
e561302d-a120-4e76-a0c1-8804b9d9c664,Cyndie,Cynar,false
b3cb1666-3080-466a-b07f-9b90b1eb6a40,Mariann,Juan,false
e31ad7ab-a011-4f59-a87c-373243e578e5,Delilah,Leifeste,false
9c0bc7d4-0eb4-4910-b414-eba5351d9cb3,Christian,Toni,false
f089dc47-d817-41d8-a6b4-ecd8ced1054a,Louella,Havens,false
df6aa360-6ed0-40ac-9706-d74d11620f56,Jolyn,Pierette,false
6cf95b38-bb5f-49a8-94d9-58a510753779,Concettina,Rhu,false
9f5f910c-5062-4adb-985c-44bce356e44f,Correy,Brieta,false
c00c393b-8d34-4b29-a27a-72c089fa3e60,Beatriz,Carlson,false
848769e2-c0ef-4a36-aa77-ca89529d64c9,Calla,Darbie,false
e9897316-897e-48c1-be30-b79cbfd7c6ce,Minne,Arne,false
fb96ca23-de71-46ab-8b56-6fcde6448ad0,Justinn,Ricarda,false
b2433244-47e7-4669-a89e-cf209c2085e9,Meghann,Kaete,false
f0f3f233-da77-4a5c-83c1-4ded2396e679,Deane,Toor,false
83fecb1a-196e-429e-aa50-bac53643674d,Modestia,Louanna,false
2901a4e4-aecf-4ad4-ad39-416385319666,Laure,Autrey,false
fe7a69d9-9e6c-476b-aa24-0b3ba0347d34,Ethel,Creamer,false
e8a27d28-9d96-48e9-94d4-6ac7b5881fab,Viviene,Naashom,false
9ae2bdf7-2d74-4314-b8f5-5a25fd75a307,Shaylyn,Henrie,false
72221c71-8b01-46d2-ad06-274f0d5b7cf1,Claresta,Brittani,false
4bb1bcb6-8f3c-483d-88dc-6fc1bec8fb6b,Vevay,Alwin,false
7580df4a-a660-4366-b3b5-f7a9ac9f8459,Zondra,Fiester,false
10140dab-9e75-4949-89c8-f7ebcfd35a2f,Claresta,Modie,false
0048e520-46ba-4e10-b7be-e55a881780a1,Lorie,Sibyls,false
0b5daf18-e59a-45e8-a5f3-752804f45592,Ruthe,Frendel,false
b7eee158-880a-4f1f-a1ab-2ad99864188e,Brana,Myrilla,false
9ac85474-9708-4dd2-a394-753748f40be5,Gabi,Llovera,false
b8fac812-18e1-4691-ae21-046da3ca679b,Briney,Arne,false
154d1cd9-b500-4881-bcc0-5153b8513d9e,Tabbatha,Nunci,false
972a8970-8c29-4e72-8291-a26a7f7f1bb2,Rori,Johnsson,false
ad27273a-36a8-47d6-8307-d12682596562,Asia,Agle,false
dc519398-6a04-46a6-865f-0b6005da7499,Dode,Cloris,false
89278675-7bfe-45e3-811b-b5d3a9fecf34,Teriann,Ambrosia,false
9bdedfae-b3c1-41a0-a50b-d3f320648c87,Rochette,Wu,false
d2fba1d5-8ff1-4f6d-8d3c-b4fcdeccfac6,Tiffie,Federica,false
481a4061-5e51-4c5c-86ba-d5ed56300c92,Larine,Bennie,false
64e27f5a-177d-4a80-aa28-fa975853c157,Dagmar,Fleeta,false
b3f07a96-8b0c-404d-b328-af85c292cca1,Ebonee,Shields,false
d4855eb0-b9d4-494b-aa54-8b8f7cdb192a,Dawn,Ricarda,false
4475dd1f-7ffb-4f73-9346-6711cf326705,Kimberley,Sheedy,false
dab05e5c-1e14-4391-b485-59bf6bce98be,Suzette,Chauncey,false
5950a983-fc67-4d0c-90a6-71e8379c31e6,Gwyneth,Linskey,false
2b24abf1-7840-4537-9861-15d7c9b117aa,Ketti,Vittoria,false
ec49346e-93dc-4004-b4e8-d221469ea874,Celene,Philipp,false
d26cec45-48d2-42f1-b538-7592f0808237,Linet,Hubert,false
208d577f-1470-4438-9e79-bc552ec24177,Shel,Lymann,false
b20339a8-c465-4318-bcf7-ab98c4656ac0,Flo,Tatianas,false
6fb02a0a-a87a-433d-a6b3-4b3870794c72,Siana,Janene,false
03abb4f0-28b5-4abd-9e53-3aa1a6606982,Nanete,Cullin,false
50de0855-907d-41c4-a585-4f88ab2a1557,Dacia,Lumbard,false
f7ba97ae-e903-4d78-9208-9f60f2e3011c,Letizia,Goerke,false
a40d4847-8535-43b4-8729-4dff4a1b6c10,Wendi,Seumas,false
bd624721-2568-4591-bd7e-6db21f33a18a,Elmira,Levey,false
14577f1b-a584-4508-9ab5-2286abff9596,Ricky,Swanhildas,false
19bf0d54-63fd-47d0-a516-853b28327ad7,Kylynn,Macey,false
50d76012-73fb-492f-a2a4-f222282bcc95,Helena,Olympium,false
caea583f-3c7d-4e6c-9fe4-628e5e6e130f,Aigneis,Philoo,false
2d66be54-d20b-467c-80e3-683a13f1e9eb,Aurore,Daveta,false
e273a0a1-f33a-4834-a8a7-5e91f88dadd8,Caritta,Rosalba,false
baf88e79-67cb-4400-b6b6-43494d866a15,Meg,Macey,false
1d655b7b-8aa3-43ec-8315-d3a9e405397f,Barbi,Pernick,false
fd2f565a-5854-4247-a1e9-92afaf4de21a,Cindelyn,Faro,false
a4b0b2fe-d47e-42b3-9530-4b65989ed52a,Delilah,Aldric,false
9a7eceeb-d8a7-410e-8d82-0ebbf8f83d25,Cristine,Estella,false
7ae2e05b-058d-46c8-a0a8-c614bf0e8587,Carmela,Auberbach,false
d2b012a8-4ee6-4c77-8175-8e3657b4f050,Devina,Zamora,false
985220a5-4d12-4692-8a14-cb5ec8ff6aef,Lusa,Land,false
e3d7fec7-f6a9-4c41-9432-a34e20a1448d,Clementine,Destinee,false
74eff2f4-da1b-4129-83bc-8d31f75d5fac,Cyndie,Diann,false
764cc5b9-b9b5-425f-838f-c174bb38678d,Donetta,Pitt,false
9593fb6f-3285-49e5-bfd5-3a9d2e4d536f,Stephanie,Bebe,false
03d07b78-5881-4b23-acf2-2ba3348a4ed7,Corly,Raimondo,false
122b3ba2-abad-4b55-a487-75175b987a58,Alexine,Paton,false
8a5d5639-0b57-41e9-a053-2e1c694afe53,Loree,Atonsah,false
20c2ac6a-0d99-470c-8769-2f15f11f60f5,Shaylyn,Tryck,false
47332868-b7f9-4786-af62-ed649dce59f8,Sara-Ann,Ardra,false
2fda96db-cf5f-45a3-aa7f-4648d4ca3bba,Tami,Rogerio,false
33a190f4-77b3-4607-8905-3bfa5037c725,Betta,Revkah,false
1b4aa28f-83b6-4e36-b6c7-31a93c4c755f,Korrie,Philoo,false
14f13ec9-ab14-42bf-a0f3-9b363c022178,Chloris,Henrie,false
29179020-408a-4297-b3bb-20c266668c47,Bobinette,Cloris,false
c8ce47e9-36f4-4d1b-b29c-708bef42537a,Binny,Juan,false
9c7a1433-68d8-4054-bd61-07e340d23d12,Aurore,Jess,false
fcf78e9f-df79-4c73-8850-0ac539c80d6b,Claresta,Cadmar,false
b8ebc1f0-d941-432a-804a-afb3cd0fae9c,Mureil,Lea,false
c1926c70-e005-4251-a684-6c71ac3b1f98,Gerianna,Felizio,false
3bbf22dd-7a64-45dd-8d67-fbd600d2a209,Konstance,Sasnett,false
ef7978ed-c62e-42e0-b6fe-e09147f3a06c,Ann-Marie,Fabiola,false
664936ed-73d9-4bad-8f55-fba3ab0f1f09,Sonni,Eno,false
9588720f-7187-4c13-a2ef-b3ec2c067e64,Kary,Byrne,false
9dc00712-0c02-4aab-836b-b4fc3bf9830a,Darci,Fadiman,false
dd437358-5226-4b77-bf52-9dc8e4f3947e,Veda,Darbie,false
3ab457ff-95e4-40e3-90d6-b6f32fbe42ab,Celene,Kaete,false
9b1f909c-efa4-476b-a1e8-7b4d9db58d92,Natka,Tamsky,false
b0916392-c94d-4b36-9460-daac10064147,Morganica,Goode,false
538a4850-dfbe-444b-acd3-c2d8391abe81,Caryl,Lipson,false
d874db21-1f9c-45b8-9c51-767225e83ef6,Letizia,Rodmann,false
84a24e6e-42cb-4b58-bf4e-ce5edbc01a42,Sara-Ann,Verger,false
c3d6bf78-7178-454c-b7db-0527f18cbebb,Nerta,Colp,false
80081efc-02c2-4a8b-8ba9-fd17dc12b50b,Adriana,Maribeth,false
a56026a5-1e08-45c8-95fc-1abac3fc90a9,Meghann,Stav,false
6d55529d-f9d9-409a-ab2d-c644b07b0a7f,Rhoda,Ventre,false
d992112b-5f22-4a96-8bd2-9d3b268fb41f,Jaime,Nedrud,false
f7725bad-9ac7-4619-b000-bc7c8d941f28,Marita,Meli,false
3bb20195-5559-4992-80ec-a85e7c5cb726,Gusty,Gale,false
14d25f29-5003-4500-94f5-c507ee340415,Emelina,Ortrude,false
b94836b1-f82f-49a3-89b2-fa2f88d360ed,Lynea,Abbot,false
c28d54ca-eb99-4929-95a3-ae9d1e8108f8,Fred,Gherardo,false
514b5f55-e375-42a4-b0d8-34d8ac723687,Ira,Sigfrid,false
7681def1-a22f-4fa1-8b89-a5a0abc62171,Alie,Blisse,false
1445f4a5-7648-48bb-861b-fda7c7f833e2,Teriann,Kaja,false
9ad4f678-62b8-4f2e-9384-d4dd5cad9483,Dorene,Roarke,false
5fb2677c-ffcc-4a8a-ac1b-e70955d6d5d7,Ardenia,Wesle,false
32ddb7ec-8b2b-4661-95d6-de0b1f990131,Ida,Rese,false
731a751a-8564-4495-86ad-0f2097e4e80e,Frank,Jillane,false
ff1bef0c-de0c-4922-807d-db353192ebb6,Valera,Briney,false
5062ba28-9a44-4411-a9f3-58288c125034,Melanie,Bebe,false
ad5cb085-06f5-449a-9dcd-b2113a54e82c,Roslyn,Baylor,false
d5e48e53-312f-4d58-8f7d-12d83ba01f06,Mellicent,Chesna,false
d2902c40-e4a0-45b9-a76f-6f79e763d952,Glynnis,Alarise,false
01393c1e-4c1a-475a-bb5d-a03409df010e,Donnie,Schlosser,false
65aa64b1-8a55-42e9-8620-23f4476e0fb6,Magdalena,Ralfston,false
62bfbede-ef26-4eaa-bf4e-8e41ef143413,Sophia,Rodmann,false
f8271ea1-099f-49b0-91f2-69bab5262782,Nerta,Carmena,false
ff0324ec-7c03-4e33-a4a9-d9c21cac9503,Gloria,Sawtelle,false
7365c46e-304d-4b3a-bdf5-bd0db8741692,Jolyn,Leffen,false
21ac4c3f-7068-454f-93ea-10359a53bd92,Phedra,Glenden,false
22554246-380e-4774-af30-9c026bf04d39,Ana,Brodench,false
3e2a49b3-1d53-424c-984a-4b268ab8d182,Emelina,Byrne,false
fe2216c8-b28a-4b8d-9a74-e678bc487fd3,Rebeca,Lorenz,false
35f8044b-8705-4940-b96e-e009cbd251eb,Laure,Marisa,false
eb45f078-03ba-4ef8-87f0-86e923dc7c26,Lacie,Masao,false
e41e3a10-14f7-4a10-9718-8fbdec403977,Gale,Ortrude,false
1c5e268e-f166-4131-a755-a48787240dbb,Concettina,Lissi,false
cea90972-9aad-45c9-b2a8-5bbcb8cde38e,Betta,Etom,false
9809c2b8-e1ff-4473-9135-014d4463c08d,Pearline,Mallon,false
f08a86bd-02ba-4c09-98fd-125cec672708,Ermengarde,Kolnick,false
729136de-6694-410f-a657-2a1cb476598b,Alameda,Berriman,false
76a7a669-1c4a-4409-81c9-b2ebc65676fc,Jean,Iaverne,false
05f173fa-f32d-46fb-8bde-6ba1b4226a1a,Robinia,Joli,false
aad0a008-7cec-4d0d-8d70-4041cb908231,Ulrike,Schenck,false
e710982a-6070-47bb-8cfb-be7515113b07,Ethel,Longfellow,false
f7f8bed9-dac1-4565-bd97-c6b911c309a2,Zsa Zsa,Prober,false
59b5ee1a-267e-47ff-9134-633e2f49981b,Gilda,Birdella,false
a4433564-981e-44aa-9c3e-8d33dc0076c3,Modestia,Romelda,false
6f5548ec-e757-4473-a75c-a4cd77789f43,Almeta,Dyche,false
b0bea817-cbd4-444e-8ec3-55318bf719f8,Odessa,Barney,false
911928b3-845d-4a2a-bce0-b2b81ee43ac0,Louella,Marlie,false
d0e4ea64-2ca4-4346-ba1e-fdf0083e4149,Evaleen,Jefferey,false
f8b8c3a5-06ed-4aee-87bd-cf49e6c59531,Elyssa,Joachim,false
40c5f2ab-096b-4eed-8f66-77e70cc29a59,Linet,Lubin,false
41b8d714-6702-45f3-91b7-7f3e23ca3282,Viviene,Uird,false
cbb66827-886a-423a-8cb6-6add3eed4b56,Oona,Regan,false
5dee00e6-df96-4871-8066-b7027936e68b,Kimberley,Taam,false
e6c517f0-5511-4a9f-a970-1fd94c45d8c2,Amara,Edee,false
b47da161-f864-4fa8-b292-35c1e5ee6dd8,Cecile,Talia,false
5d482fa6-b7e1-4846-9fb9-c35c84b097f8,Yetty,Screens,false
ed17cc28-cdfa-465c-a988-4b8dd4d6280f,Jessamyn,Beebe,false
92543cc2-c8db-4170-98ec-158fd4142bff,Ellette,Avi,false
8bd0e9e3-8b36-4973-b977-3e476ec7e27a,Berta,Kimmie,false
b68d63e8-9ac6-40bf-b61d-89b658f4c0a8,Justinn,Larochelle,false
35ba102b-596f-4581-8c51-bb1e4807a985,Pamella,Cloris,false
b73933df-9380-4044-bce9-f6870044d347,Amii,Jagir,false
64390b0f-4eff-4ce8-a000-fdd7e5c2e6f4,Katharina,Connelly,false
b3701cea-4eec-488e-943b-6ac6bdce2fd0,Maisey,Danby,false
b0d61431-f02c-4c1a-aacc-2c247783c504,Winifred,Breed,false
643174e0-7286-4b74-b793-6f8d88eef354,Emylee,Keelia,false
78b84cef-9136-4543-a577-a295f7a3faa3,Keelia,Baptlsta,false
8bb0c36f-cef3-41bd-bd79-09ea0ffe08c7,Jacenta,Niccolo,false
8e40c0dc-8d0a-4f40-9bb5-05b62fe88335,Cherilyn,Campball,false
d6e2d5e8-1631-4807-8e7d-c621bdea12a4,Annaliese,Socha,false
a2198549-275c-4564-8d90-3502c47e8770,Fanny,Chabot,false
27329043-7e3d-40c2-9d20-33d4fddefefd,Vere,Lay,false
5bcfe2f8-48ed-49cf-b9b0-6ea1612fb5d9,Albertina,Eiser,false
fc7e63a3-bdc9-45c2-b730-a1b1421a3ef4,Sophia,Fulmer,false
f15fa20f-65da-4c9e-896f-7ca919dfc617,Stacey,Helve,false
94988d8b-5063-4ac3-91bf-ef32f44ae777,Carmela,Wadell,false
c7bb32c4-08cf-4ebb-957b-87f97118252c,Elbertina,Hazlett,false
71d8b66a-7b31-43e0-a4f5-6c742a457a60,Glenda,Clie,false
6274d91c-988f-4c23-9159-aca60e291d46,Kimberley,Fabiola,false
921808ac-2da9-4b9b-976a-10c268af61f0,Linzy,Pandolfi,false
b2471baf-6d3f-41e8-a074-0932510e5c62,Gianina,O'Carroll,false
0910e4cd-00a4-4131-bf88-98c1c75b3ba1,Marti,Bury,false
7d0af82f-31ad-4133-8ae9-9b9b1797e425,Angela,Japeth,false
bb19cf3f-ecb4-44a2-876d-220215743e1f,Kimmy,Sherrie,false
1c07cbd3-6ed1-4ee7-8f2e-a8fd79714e2d,Mignon,Joseph,false
f73d3699-cb87-4aed-87f5-df0b17099a0a,Blake,Rocray,false
ba41bf3a-b404-4e2b-a253-048894a5a6c9,Nananne,Sharl,false
a4eeeba8-109d-42e9-a737-fed54499c4b1,Merle,Norrie,false
1be3ef6f-343f-4eba-8a1a-c234d9302c56,Agathe,McLaughlin,false
d6063bda-cd51-4df8-b6e6-542d55c16a88,Latisha,Madelene,false
3afc7cbd-ef5d-493f-93ec-0683784811ac,Nananne,Robertson,false
c54a327f-d528-4fdb-b601-6007bb1d2860,Dulcinea,Lilybelle,false
d3f11191-b3d4-4fd5-ac91-748c0022172e,Jan,Sekofski,false
058b87c1-ecca-4a12-b6f8-0436cad99ae2,Millie,Wyn,false
603fd853-4d8d-428b-b798-6a0de17b9708,Jasmina,Gualtiero,false
a08c8769-24ea-4883-9edf-8eca73499276,Vivia,Carvey,false
fc4fc969-8b3b-4862-8bf7-ff73f74ef76d,Elise,Bollay,false
8f37c06a-487b-4101-8523-8e7e74b753c4,Valera,Arne,false
93452857-33fa-4015-a2d1-dab0e129b88e,Nikki,Goldina,false
ac2388d7-0c83-4966-b004-203879689f6c,Tracey,Rocray,false
cfa52a83-4bd9-48c4-96da-fb8b7c9be864,Dawn,Ahab,false
8ebe5a75-3fa7-402b-abec-e7be64503ca0,Caressa,Mullane,false
471136d9-7baa-4aa3-8d84-dbd4dacf9bc1,Lacie,Zina,false
a01a45f3-d39b-4811-8382-b72d0929b7e1,Sallie,Gualtiero,false
bc27867c-a285-4eae-888c-4b681f67e864,Ninnetta,Ephrem,false
1b94ce25-5541-4f1e-a673-87b22fc8d2a3,Marsiella,Lucienne,false
41fe1232-27cd-4356-acd2-1ec87855771c,Stacey,Manolo,false
d6bff1a1-9c1d-47ba-b129-f1eb73e91372,Edyth,Forrer,false
d2da367d-219b-4dd6-a92a-fdd0364043cb,Elfreda,Ezar,false
bbe06ec3-ed47-4a76-96b1-b00afd6353b7,Tobe,Tarrant,false
35efd249-3f7a-40a5-8f5a-14ea67b61a51,Alejandra,Freddi,false
04a529fa-15a4-48a7-9229-6298d9a5a260,Noelle,Secrest,false
8acfca54-f836-44e2-876a-d5b269a53f49,Mara,Marcellus,false
42d44b8d-f94e-4134-847f-eb1eab70f0b1,Kaja,Toni,false
e53fc299-17cd-43fc-9387-963b69000842,Tybie,Raseda,false
d7f3ccad-118b-4634-a6e4-e708e45c8a30,Tilly,Tyson,false
fece8044-5e83-45c1-a778-f0c0f7f447ce,Robbi,Tarrant,false
65310fa3-8df0-4a6b-aaf1-bee2d0a47eec,Ingrid,Alice,false
d7000fd7-041e-47c9-92c5-9193f8019f28,Minne,Erb,false
ec2e4ec3-6e2b-46de-97e5-90649b4f4ea1,Karlee,Seessel,false
a5ff4e24-1092-46ff-9b89-cb860ca1b901,Liana,Nikaniki,false
90f0f06c-91e7-442f-8c5c-974957b1bcdd,Leia,O'Neill,false
a42e61f7-c755-4abd-b2c8-d916193e3110,Antonietta,Quinn,false
6e07b4aa-f707-42f6-a646-7565437c0f87,Lonnie,Elvyn,false
c14bc370-6d69-49cc-b942-e583b2e96ee9,Margarette,Richers,false
8343ddd4-e44c-4b42-aeae-3e6782a8ee1e,Jasmina,Weide,false
41b08277-7f4d-40bc-b609-d99a3aeaf78c,Taffy,Alva,false
dee0b7bf-8ffd-4e65-81a6-d6fb89ee9afa,Fayre,Toor,false
710aab09-9b81-4a8b-97f7-e498dfdd10bb,Sean,Maurine,false
df88381b-c5e8-4591-9098-50e42fff9f9b,Gerrie,Craggie,false
3ecab2e8-f19f-4a6f-ba84-9f64dbed86d3,Therine,Chick,false
5f4d6587-6be2-4f6e-b34a-bc80cedbb7c6,Dede,My,false
ffaa58b9-679e-4e75-8901-973ef01ba959,Deane,Judye,false
ba4551a5-bd48-44ea-b5de-fb973e9b0db4,Norine,Kat,false
a1f91193-1c5a-4867-b6a4-9aae0dbc1232,Lory,Hessler,false
27e66dce-381b-41e2-b26b-95f7c5404ec4,Donetta,Maryanne,false
2a1d74cd-56d6-4d17-ba7d-c36ed9c9961e,Cordi,Keily,false
0d0a4dd4-ba21-4290-bb69-19dbb60dbfec,Kerrin,Middleton,false
7195974a-593a-41e8-ae0a-7de2eb3fd030,Wanda,Marijo,false
9edc82d5-baf8-430a-ba40-51750c117abd,Millie,Jorgan,false
bf72f572-decb-41b2-aa9d-82f190655fe3,Queenie,Janene,false
ca851fe0-f78d-4aaa-9881-b684ede98b47,Brianna,Yusuk,false
bd2e0599-c964-4df3-95f9-7df935ec9eb2,Delilah,Standing,false
4d99b090-b0b4-4441-8045-416f1b048c03,Rhea,Cleo,false
3ef97e2e-5fea-411e-8cdf-2028add72985,Tera,Obed,false
99dd80e1-bf42-4b4c-ac7d-a55053aadae3,Laure,Joni,false
7b78d074-6362-4dcf-86e9-3bd1be2837fe,Dulcinea,Harday,false
b46e09e4-e685-4d2a-840c-3f6356436408,Florie,Khorma,false
d3ea44e2-f192-4827-8315-3cacaec726d3,Shaine,Pelagias,false
39ea7bbb-0a46-4ae6-8e12-a967143a1355,Marita,Hull,false
60f6588d-7e20-411a-9065-ef47f2a2605c,Dione,Gaal,false
8e83d9a1-8608-46ea-ae1f-861b0255b1dd,Sharlene,Fulmer,false
20719cbf-dee0-40f7-b3ba-3763a4a0f7ee,Ida,Earlie,false
fb5bab2a-15de-41a8-8aed-f1a128407e08,Marline,Mitzi,false
ea43d37e-1fc8-4444-81f2-93ee4b057ecc,Stacey,Stacy,false
619d306c-94d3-4c18-bef6-8d4e906ec946,Valli,My,false
b5b9a5a6-84f9-4c54-ace6-722192b51c7b,Candi,Virgin,false
683262a9-fee3-4d37-a007-37ca7cf30275,Caryl,Diann,false
4a12cd9f-25d2-4039-b710-b4bbe50c3d43,Kassey,Salchunas,false
5b3a6b5f-49f5-4017-b471-7e3104090896,Elsie,Cloris,false
e10fc21a-71fb-4efd-882d-7eeafe0f862c,Jacquetta,Dorine,false
48dc5e5a-f56b-4b84-aa83-1904fe990fb5,Tonia,Ethban,false
bed60cf5-59e3-49b4-bfd6-4b8d8897aa5f,Patricia,Ilka,false
822fcbe9-1f0f-4c2e-ad1a-a0f319258abb,Leontine,Ashok,false
23ff5f6c-59d7-4935-810b-d7854ffc5f01,Kimmy,Weaks,false
224f2f4b-108b-4df0-ad7f-bd07f66d112d,Shandie,Yuille,false
d966b585-1489-4cfd-a23e-e2b6fb634e18,Glynnis,Simmonds,false
c2ea66c9-d288-4604-8520-fc3c8609fd01,Lilith,Hewitt,false
b9d78003-e78a-42a1-aded-07c1e4891450,Dyann,Callista,false
7fd33e1d-41ed-4dfb-af7c-e982dc57c1ac,Selma,Bendick,false
1a9880dd-6afb-4a56-863e-0df35815b226,Sheree,Hepsibah,false
c5e9cdd1-b8a6-43c7-aa91-9c5c2d18563e,Drucie,Japeth,false
fc67f56c-3b12-49b4-9359-3f2876df4a44,Adelle,Schalles,false
d9a72c31-479c-4fdc-bec3-05c393c0026d,Basia,Alabaster,false
151ab40f-92de-4ff5-abc9-7e0ee59f294c,Monika,Hashim,false
1343dc3e-9813-48ed-9e3a-39216b0a0878,Eolanda,Burkle,false
55a9fa20-fe8e-46c8-8db7-91f2278273ec,Brianna,Dichy,false
c4edf986-a85a-4d18-a5d8-893088d6efc9,Kirstin,Sharl,false
d5283954-9a5d-403e-988a-f23456735714,Sharai,Karna,false
ca603814-92fb-4fc0-9e96-538004eefb9e,Rhea,Rodmann,false
8ec478d6-2eaf-42ec-93c0-edcaa62fa718,Amelia,Cordi,false
26695789-be37-4300-a823-8ec6c2dd608e,Hallie,Fleeta,false
57ce93f6-a889-4c2c-9338-aff14a6dcb97,Linzy,Hieronymus,false
13b22e7c-1c22-4d72-bd05-2e0356d91f70,Meg,Ferino,false
0b6987cd-cb87-44fa-b9fc-2c37d7616b29,Eve,Forrer,false
ef1033ae-b68f-4242-9a3a-90b544fdbd57,Charissa,Arquit,false
dd0bda56-e3ed-40a9-b313-13d099e76345,Lynde,Durante,false
cfb13148-9bad-4d39-bcf8-cf8e4046b1b0,Claudina,Justinn,false
4a0620dd-6ecb-4010-9d5a-c06ca4dd8fe3,Gavrielle,Tamar,false
a9c60ca0-ee55-46db-a239-66513bccec1e,Dulce,Sundin,false
d7463797-2d81-4396-952a-754d033904b1,Doro,Bergman,false
de6ccba0-4d9f-4189-9773-da070a8ae073,Caryl,Pelagias,false
50e9577d-1a19-430f-8d89-7e0212c1f9bb,Mellicent,Constancy,false
1a178fcc-ea06-49de-91bd-a36f28467f29,Leanna,Gemini,false
e4211c53-ec54-479c-930a-7af0edcd5d8e,Annabela,Dahlia,false
1e7d7d1f-7d9f-4708-ae5e-9b9b3f919e33,Myrtice,Lareena,false
82319004-4d78-4be5-8d62-0eb2c7b02c03,Ardeen,Adalbert,false
e88aa40c-1a73-4d3e-b741-431e9dabe9dc,Genevra,Bobbee,false
9b0b8440-4169-4cac-803e-c66d51e3c2e6,Ezmeralda,Faust,false
6259ab0a-5ab9-4c47-bc2b-fe06ae81de63,Gratia,Merell,false
e4c05448-3553-4fdb-9f49-6af40896b06e,Kirstin,Revkah,false
982c6163-ce27-4134-bec8-5f3a67948fae,Riannon,Faro,false
07e4e80a-3028-4d08-99fb-272a6189234b,Fred,Parsaye,false
45a4e8d2-dbf8-4fc8-9863-901b176fb6b4,Lorie,Lory,false
1ff446ef-b927-4f1a-baf1-a722c32deb87,Luci,Kylander,false
ac911e5b-541f-4b8e-81c6-e3ef33c734f8,Shannah,Barbey,false
6707e925-43e1-4e82-998e-fd41f16468bf,Kirbee,Ramona,false
8cee8e16-0bda-466c-8061-ec59d4837247,Nicoli,Dosia,false
ec4bee11-6566-4b5e-be54-40ea5c458c02,Louella,Stoller,false
436627fd-ec8f-4902-8712-57de667fb0e7,Deane,Knowling,false
77130ea8-f467-4d67-b4fd-40d035e649c4,Hildegaard,Miru,false
ea8c03af-1b66-4438-bee9-a556e6caf6be,Kimberley,Hebner,false
5d8654f5-de08-42b0-ba53-fca38c685023,Karlee,Sundin,false
094ef8c2-99e2-4bff-b06e-eddfd3ccea0f,Merci,Woodberry,false
a19f07f1-b72c-43c9-8c7a-0be675faba04,Cordi,Bivins,false
f80987ab-8214-4d1c-90e7-d53282b19747,Dawn,Vittoria,false
8194f860-4d46-451a-afe2-dfe1d112e0a8,Dorene,Seagraves,false
ce6c7ff8-e540-4179-952d-9f15b4422b80,Rebeca,Baylor,false
d143027c-9ceb-4073-bd06-85493cc7f237,Lorne,Cullin,false
56616564-7d44-4a1f-92ab-895348b518f9,Gui,Wallis,false
95785ede-7a23-4fff-b867-9d81999e4623,Zondra,Gombach,false
317e1239-e960-48f4-8970-12872d0464f1,Bibby,Jacobah,false
05865f64-3a1e-4974-a0f9-fa88e1d8c5b5,Caressa,Campball,false
5dc6f3df-0853-4d0c-8ca6-9fd5efa6b1cc,Florencia,Waldron,false
85aa3271-0d59-4563-8e68-8a53f2f2f65b,Norine,Afton,false
884fffda-5e32-4228-a41d-8e67580e633d,Misha,Liebermann,false
c6998532-fb78-40e6-ab43-300d42dc4bd1,Hallie,Desai,false
983f41fd-dbbf-4dd9-80b1-e59bb3ed4b0e,Dagmar,Gunn,false
0c35f74d-2578-4ad8-8842-d92d56a37dd6,Ekaterina,Meter,false
d54b08bd-afbe-41be-9bd1-04a8b3c8cbfc,Romona,Reneta,false
380f4afa-4fc9-4513-abe9-d308d2c0a75e,Celisse,Pond,false
f743751b-70c4-4171-892e-f129105920cd,Correy,Francyne,false
9e823258-1f7e-486d-9cfc-371cd1b279d4,Eolanda,Yoko,false
0b9e7b62-97b9-4e51-9108-ef3e353df194,Ofilia,Dorothy,false
a5d9dfc9-96ea-42fa-9201-ed54f54eb4ec,Ulrike,Roscoe,false
b0c057eb-428a-4cfc-8d12-8b3da56bc3e4,Miquela,Dosia,false
e38ed0cd-84f4-4df9-912a-e52540be8a0b,Joleen,Jena,false
cec54c27-ae06-4d68-b51d-c42b630ca39d,Nita,Ackerley,false
9debe78e-8b81-41e0-9970-8e40adf01b89,Blondelle,Melan,false
49d650d6-b4ff-43a5-aa01-aed545bb17a0,Ronna,Vale,false
f14f5472-5032-4abf-bd5f-996fdf697731,Carmencita,Yate,false
a9a3f39a-810c-410c-92da-0bcc347ee5e9,Imojean,Whiffen,false
3fa076f3-fb89-487e-adf0-6f9060d2722e,Juliane,Azeria,false
882d6370-86d1-42ae-ab09-a9c8c61597c1,Adelle,Dielu,false
d14021eb-7c35-47f6-b95d-f538d23061dc,Hildegaard,Simmonds,false
074475a0-1eb5-4f0b-9405-085bbc50a506,Hollie,Maples,false
47d9dcce-9908-4216-9f30-c3445d332afc,Corene,Sallyann,false
02fbd443-db15-419f-905c-cd63ea2a20d4,Kenna,Gibbeon,false
8fba11e6-37d7-4f9c-9475-ae530bf613cd,Judy,Fadiman,false
6fed9e72-5acd-4232-b0be-5b4b1dfa7c26,Mireielle,Shanley,false
77bc9c60-adec-410b-b56a-8a25f1174f81,Corly,Ammann,false
ddf59fb7-f3b3-4361-940a-5a24b262d2da,Jenilee,Lucienne,false
bda9d767-10ba-41a2-8b2e-409a86bcc0b9,Louella,Bow,false
e50c731a-3699-4502-873b-2931133c6593,Sallie,Kenwood,false
f516619a-5cf2-4fe7-b9b2-27673eacd6b0,Marcelline,An,false
fa400183-2eba-470c-b67e-c8b9a27a546a,Hope,Sharl,false
af7c49da-28f4-408f-8d9c-24bde5424a37,Elmira,Tillford,false
87ce3754-7419-4b6b-8264-e80e6e36fb7c,Susan,Raul,false
1a2f3a91-ce51-48c5-9a8f-893d575c292c,Hayley,Fabiola,false
7d67d697-87e1-4f05-a82b-a28f8c425f82,Adele,Ehrman,false
d23d7f19-9e18-4dbe-a741-9427e3e47474,Dorothy,Yorick,false
3e40b051-e3c5-4c24-b016-6bf08110aef6,Bill,Catie,false
940dd21c-bc9e-4c50-825a-ae3ce666bc0d,Thalia,Hanleigh,false
19549a7b-3c5a-4091-b2e6-a5dd70f8d5b8,Corina,Emerson,false
866aea43-3fae-4a61-9c75-8b9330cd4a83,Merry,Papageno,false
2eeff9c7-6573-42b4-9443-312ac66d8a4d,Gisela,Barrus,false
f0ef22a4-e663-4242-8f3e-f92a316edc36,Bernie,Sawtelle,false
cc22782f-fe67-4f60-b067-7031b485aac2,Malina,Haldas,false
93b32a84-58b2-4cc2-a8ae-f089a69cfcad,Sissy,Swanhildas,false
3ab02608-e789-459e-a22f-c3a033d53c49,Oona,Oneida,false
f3b0386c-e011-4f3f-9593-24a85d3a4190,Josephine,Kathie,false
a421e6aa-00e1-4bd6-a34c-3276b98c34ea,Dacia,Desai,false
9870ac07-b1c8-4c76-b945-5cebab918791,Annice,Dermott,false
678c1366-b705-4026-8935-c37c7671e4c6,Jemie,Gualtiero,false
bb49358d-25b7-4b57-9c8c-8a8b423c79f4,Kenna,Hashim,false
1e7e8b3a-8dfa-452d-998b-b717b0a38143,Jacquetta,Hamil,false
61cc0af1-f600-4956-8ec7-214aa9e9b3af,Suzette,Tacye,false
8869e15e-01b4-484b-be22-c248941d2848,Nita,Mich,false
1fe01d79-b00c-4cff-bc75-e1100de9b73a,Mallory,Donell,false
554ac793-fe52-4cf1-9438-a1db44be8809,Alyssa,Merat,false
8d008a72-71c7-43cc-b18a-895681262d20,Lonnie,Bettine,false
77117001-9801-46d5-a192-d26b51b38daa,Elena,Ammann,false
723b5890-ad94-46d4-8edf-9d83efc0c053,Marline,Kathie,false
c931ab74-a195-44b7-a56d-8c590b18c145,Constance,Bennie,false
7d0522a4-7233-4433-a1bf-f4f879efa783,Joleen,Ciro,false
25560765-6408-4aa4-9dfe-40bab999827b,Cristabel,Emmaline,false
dc86e9e2-e15a-4b9c-b533-c3c5c7d6e549,Eugine,Judye,false
2398619f-67f5-40c4-b343-f5dc6e7e5414,Vonny,Flita,false
9f03ecce-77cc-4e86-80a1-98024d4cbd4c,Jillayne,Therine,false
21a339ef-6e65-43ed-929c-39984b621240,Gertrud,Kathie,false
374cfcf5-b795-4f97-95dd-8ec1e26b84b9,Sybille,Clie,false
4dcc00ec-9cdb-4707-9a05-8f69c7dc2cdd,Roslyn,Connelly,false
e8a4f0e2-1d79-4720-b9d3-18dd21b572b6,Mureil,Tjon,false
76b49b18-0f8b-4fbb-b243-e58af1539335,Maud,Primalia,false
f3b2e564-2d0f-4a8f-9d33-a5e7fa60c0f6,Vevay,Yorick,false
ac81b45c-e1e3-473b-8205-22844e9c27ae,Lonnie,Ortrude,false
5d146925-8919-4fe7-928f-1f1a9abd2a40,Kaia,Iaverne,false
e3d96017-9172-4963-bcb0-7cf1ad402f0d,Alejandra,Chabot,false
68c3caf8-fbc1-4ffd-9793-c235168af987,Josephine,Hamil,false
e08f1ce3-55d4-4a5d-89d1-bdce0d6dcea9,Donnie,Vorster,false
c999ea92-130d-428b-b237-880a17eba31e,Viviene,Colleen,false
75dc2236-9863-404d-9566-393062ae411f,Kristina,Dosia,false
3b0810b6-a88b-48b1-8340-9acb45701901,Alejandra,Hutchison,false
03cd00c6-aee7-426c-9d1f-abb2b2781124,Raf,Shaddock,false
f60c5d8a-9f16-4ffd-9e70-8429c27e15eb,Florie,Gibbeon,false
bc39514b-0426-477f-a6a6-c08975b27126,Aubrie,Maribeth,false
fb59feb6-c520-42c8-8941-1519f000d12e,Tamqrah,Hanshaw,false
9cf55276-fd87-4086-bd62-6a275568f8c3,Melisent,Anis,false
793aaaf7-2e31-451e-8561-884d9379e3f5,Julieta,Concha,false
3a81eaa1-3975-4e85-bfd0-70a25148c00d,Marylou,Stelle,false
75d1f9ac-d330-49d3-96b5-cf15c8fbaffb,Tierney,Cosenza,false
74eac364-a095-484f-9d68-a7cabd832915,Livvyy,Atcliffe,false
ae9d5c14-ac57-4a0d-87b0-d9244e77d955,Vita,Jotham,false
989d8577-deed-486c-9bb9-16d517804892,Joceline,Valerio,false
87ae1a77-42ef-45e3-8ad7-84dd36eb83e0,Aryn,Mathilde,false
f04e2306-a7bf-4fd4-a907-e4b1b8d16f38,Christian,Persse,false
6e2395f1-65cb-4561-969e-ac210b5329ea,Cassandra,Jefferey,false
54250dc1-664b-4e25-bc0e-b7321c04b374,Dode,Dichy,false
bcde9bbc-b803-4637-a100-402a1c043eca,Deane,Westphal,false
39cae376-9ea3-4533-8f99-5ae829f3bdfc,Daune,Lissi,false
cad49599-4dc9-4bf8-b856-1f4024dd386a,Glynnis,Erb,false
aa883a29-4351-45a2-9833-472c7f1c3255,Taffy,Friede,false
14448ed7-d381-4a3e-90c3-fe101969a42c,Theodora,Gualtiero,false
143081cd-bd15-42a1-b75b-fc04e4461e3b,Esmeralda,Cimbura,false
73eaf23a-2189-4ef0-8968-7ad1c3d2f423,Nananne,Christal,false
765155c1-6869-476c-938c-c33e198cfcdb,Winny,Ader,false
7161b903-a29b-4924-befe-6796626be05b,Sean,Irmine,false
61cb8689-4d06-4245-878a-00c1e12de8f3,Jere,Elo,false
9de0c342-18d7-424c-ab5c-3ddf3e5d3751,Sam,Bohlin,false
514b94a3-d365-43f1-92b0-444876f18f09,Jobi,Lane,false
1e7e582c-83d3-4e22-a582-491dade88637,Laurene,Waldron,false
78be31ab-18b4-430d-8c05-170c933a1270,Noelle,Belanger,false
3e96ff66-45c5-4e53-87ab-c880e244d9ca,Hayley,Stilwell,false
25d2de9f-9cf7-4a4b-a4e7-41080eba0425,Larine,Mallon,false
0e7035d1-3677-4e40-bdb6-b9869cdcfccb,Alejandra,Letsou,false
c0e199c0-1a07-43fd-bd12-f54fdd1b3b73,Ada,Bury,false
adbb9a73-f779-4eef-86f8-c9f1caeafdb3,Mellicent,Nerita,false
2410877e-c0c6-4b96-96e2-d09f08308ba6,Orsola,Ivens,false
66a45398-ba26-408f-b94c-904d29767ae5,Georgetta,Hoban,false
e5d6407c-bb30-4918-b9ac-75e761d0949e,Marnia,Luhe,false
e0abd7c6-963f-47b6-8c84-7929040fc634,Tori,Friede,false
4304fc5f-64af-4034-b882-68ad456f750a,Aigneis,Eno,false
f5b41b52-a01e-4cf9-84a7-b2303674a68c,Tybie,Campball,false
9eeb4e09-3bcc-4942-8bfb-0a9072c5319c,Sara-Ann,Gabrielli,false
49eb23ed-ab66-40ea-a781-f80481faa4ad,Aeriela,Keelia,false
1ed36840-5315-4143-9959-5bdfece7ebf7,Alyda,Odysseus,false
daeae770-f2f1-44e4-a42f-5e7b2a0f70bb,Rozele,Angelis,false
7413eb5d-f2d4-4adb-a1a1-4f5dc6adad2f,Clarice,Ezar,false
2f307058-3320-4c64-9642-55cb35958fbf,Asia,Macey,false
9589d349-0fc9-4f79-a73a-575c07223326,Penelopa,Grimbly,false
1715c0fc-953c-4fd5-8c27-0ad23badeff9,Dorothy,Rhu,false
801b844f-6c41-43d4-b339-6b3c45846df0,Peri,Longfellow,false
109cf5b3-a3aa-407a-aa9c-108b9834e1b0,Steffane,Fleeta,false
be6bba5a-d7ea-488f-b9c0-c3788097e3ce,Ninnetta,Nikaniki,false
81d93230-7d4b-4f1f-a0f4-3213986c6854,Hope,Maurine,false
09cbc1f6-482e-4cee-9b97-c3a6fb9f672b,Malina,Donell,false
cbc0d2ad-6764-4466-a181-91d8f12933de,Adele,Tippets,false
f34d0407-80d2-438d-afa8-21f7ffefede8,Eve,Kiyoshi,false
88ffa856-068e-4809-b77c-5c974ee3e981,Lenna,Vorster,false
80c5874b-bf16-49f8-a3dd-e4761ca12fa4,Emilia,Thomasina,false
237e1ba5-1e34-48f3-b577-1dbe83009815,Marcy,Marisa,false
05723b5c-e994-4c07-b532-925d6d633126,Rozele,Taam,false
70f88ae8-2a63-4026-9786-cd8fde7f5f53,Tilly,Ralfston,false
313bb06b-63d6-42da-9765-939cdd859094,Norine,Love,false
45ff0055-b67b-41ce-93ca-c3392e3ff27f,Caryl,Vilma,false
ba69cd2f-1e8f-41c5-b19e-cba6dcd53a7a,Maud,Neva,false
0032efbb-ec8a-401a-b2cc-f6a340137fa9,Rosaline,Bevin,false
db09bef2-f6b3-4ce3-9215-dab95511d641,Gaylene,Dorcy,false
729bcc56-d55d-4608-bc03-221ff9636d52,Meg,Jobi,false
957ae6a3-cea6-41eb-9b01-227bc79f819e,Jessamyn,Blase,false
e43f04c7-5b5a-4387-969c-a48dfd696fdb,Dominga,Dominy,false
077865c6-218d-47af-a717-68ea11f2dcd8,Evaleen,Brodench,false
07ef46bb-8513-45e8-83f9-397bee86ac31,Aurore,Freddi,false
2875e085-5de4-4368-ad44-f3bbc9b8e4bb,Dotty,Redmond,false
8260c404-d280-4120-81dc-ac0d864c2df2,Christian,Bendick,false
aad4bf14-b5e4-4acb-9c23-5cca411d177f,Olwen,Constancy,false
0f7763f2-10e6-49d9-85a8-f533a1489998,Evaleen,Eiser,false
10cb0960-ab14-4164-8422-be2a99a9b4e8,Konstance,Dudley,false
d1650227-460c-41b0-bfb7-78eee8e5d10f,Cristine,Othilia,false
b87673a9-6c2a-46a2-97c7-9fb86738a76c,Ada,Hieronymus,false
9d44589c-4f72-4c23-a5e6-a71ae9da3ece,Julieta,Japeth,false
9c53446c-f9ce-4a61-8348-9320f9b7d29c,Bertine,Dalli,false
86ecf662-071b-48d7-ad18-41c66b8191ed,Ayn,Faro,false
8b0b54fb-f0ec-41ff-8dc3-35dc4d53fdd7,Trixi,Breed,false
bc6f492e-d157-45a2-a08e-0558c6bb451d,Addia,Berard,false
ab1309d4-86da-492e-8c2f-9133f3770db1,Rhoda,Ciro,false
f7761163-b01e-448d-b028-e241847754b6,Gusty,Poll,false
e5d7a299-dfde-4b02-b5c9-24c43c254051,Pierette,Hirsch,false
a4e87086-abfe-433c-b65e-76d3fe76b148,Estell,Anselmi,false
8a97fe64-632f-458f-ae56-3aeb3ed48622,Audrie,Kimmie,false
6627399a-fefc-42d6-9c86-539cf8c4c682,Alisha,Land,false
99b5feaa-f6da-4144-98e7-03af15e058bd,Shandie,Neils,false
9a951209-09fb-496d-b964-ee8c52530d5c,Carmela,Cavan,false
e62f97cd-e01b-40d0-b253-32d4de75bce3,Alie,Esmaria,false
3a52aff2-0c04-45a5-ba0e-a5bbc3047834,Gertrud,Kenney,false
0e873bfa-47fe-49b5-a660-1b788800dbe8,Keelia,Diogenes,false
9852b3cd-1f05-47aa-8be1-a0de72c6ce0e,Nyssa,Ardeha,false
15782f23-c0bb-4687-9789-0186dac75358,Blondelle,Grayce,false
6d72cf1b-8a11-407b-b605-e2d28b909182,Carolina,Johnsson,false
777340e4-a51d-4431-b310-c18f97183b46,Isa,Cornelia,false
d3cf358f-d7a7-4f3c-8b53-6bfb96fe0934,Consuela,Tamsky,false
728d051b-b14b-4377-a8c9-1990ffaf7039,Amalie,Wareing,false
19360ffb-5a7d-4e8c-8e2a-fbd6e7087f12,Therine,Nickola,false
40f47045-a35c-4c61-b02e-bbb6a0d1e368,Lanna,Dreda,false
e577821b-e2e2-4b49-bd5c-f79bb7cfc64f,Jaclyn,Durware,false
7cff8d12-92b7-4463-947c-2280cd137ca6,Cam,Serilda,false
e6fc5c59-6b99-4d92-a55a-0b5802ffe5f5,Natka,Nahum,false
a6c61398-edb7-4e6a-98e8-a0e5d660fd77,Bernie,Peg,false
5c166888-6091-44a2-82ae-039967810814,Melina,Bury,false
1c3ce712-0d0a-4c4a-bcd0-b170ee9db36a,Benita,Peonir,false
d637463c-72dc-4f21-b793-92fcf2bbf875,Cathyleen,Delacourt,false
cf0c4d44-82b3-415b-860b-0e31986033ea,Berget,Kare,false
cf34aeb0-3e17-496d-ac37-5b8d2dd58973,Jackie,Lemuela,false
b4d81bfc-e23e-43a7-8a1b-15085dcb5e52,Cissiee,Girardo,false
f0cd78c5-ee62-4d28-abe7-a90522bafe30,Larine,Zuzana,false
db02781d-5af8-4e79-acae-e7fb95d56b00,Larine,Killigrew,false
ec389dc5-d11a-4cbf-a645-065ba30d8c02,Oralee,Norvol,false
9fb3939e-042e-4c89-b4a2-c45d782b348d,Allis,Thad,false
304e13c4-35b0-4f01-86e5-ef1521d6471a,Cissiee,Izaak,false
8f290a1d-8bb7-47b3-93af-841796c166ab,Brooks,Vastah,false
e42a274e-b17e-4cf6-b9b0-865fd54b5b62,Gusty,Sparhawk,false
6c3c4c1a-394f-480a-b8e0-9a750e49ac31,Cathyleen,Zuzana,false
cd44760b-5ee9-4119-9baa-4424e0d21f36,Shel,Haymes,false
6d85b148-b66b-4fa1-9f15-94f90ff9ad1a,Shel,Mandler,false
f253897f-a065-4f29-9bd0-6646e61a890c,Coral,Imelida,false
4f303052-4f99-42da-8dd7-31be38716524,Doralynne,Suzetta,false
f1cc00bd-c8bd-4e0b-9887-af292609410a,Queenie,Euridice,false
e0590f20-a4c0-48ec-84ed-8450c7821236,Vonny,Goerke,false
f7bd2c26-f5a0-49ba-b63b-52f5cbcea60d,Lanae,Westphal,false
34935657-476d-48ff-b761-4bcdf926e8a6,Lanae,Stephie,false
4b89a05b-03e8-4fbd-be15-f16771dcdb6e,Corly,Georas,false
f4b5cd68-e9e3-4ed1-adbf-ad76bc3be53c,Lacie,Soneson,false
93c24937-962b-49a5-a9f1-14d031822bf7,Hollie,Gibbeon,false
b41e2cc0-f08c-4aed-aa15-95a27fa4af74,Nessie,Franza,false
46bfbecb-f37f-46b2-b060-bd07671bf42e,Pearline,Rubie,false
7b4c55d4-9829-481b-bfcb-b2b2d48b25d2,Minda,Fredi,false
cc185c3a-f196-4679-9b97-2a5c2e7b7b7a,Alisha,Glovsky,false
08cf44d8-d5ed-4d30-aa78-390482afe60a,Joleen,Drus,false
a8c1827e-7ff2-4380-9d6e-ceab23f6df98,Hermione,Faust,false
4c658788-223e-441a-9847-8b820340008e,Adelle,Giule,false
84df0f86-6ad0-4ad2-a92f-d1e4bd873af7,Starla,Gilmour,false
73b8a4ea-2462-4d25-b100-33e04c7be5d5,Dominga,Denis,false
1dd281d9-36da-4906-b677-4c40d7cfe6a1,Gui,Carolin,false
8f0d9dd0-f507-4989-bc7f-a93e0b6509cb,Dianemarie,Prober,false
a8c19bd4-b041-4000-91ee-3f4678645338,Frieda,Brandice,false
8b7886e6-493c-4d9d-aac8-627adc055519,Damaris,Tamar,false
50d29ec5-c400-43f8-8316-f4aa658cb3a5,Sandie,Rogerio,false
bdb9d413-440a-4fc1-aebd-7a33c563242a,Georgina,Virgin,false
efacfbf0-8e0c-4c1f-af7b-6767b54d866f,Elka,Adalbert,false
280f5751-0537-401a-b4ca-7488a191cc46,Antonietta,Idelia,false
6fdd51f2-af9e-416b-9d56-737ef358f35a,Layla,Sallyann,false
35ed2fac-3371-4474-b3f4-bd199aa1ea6b,Johna,Rugen,false
7fef03e1-abd5-4c0f-aeff-7d7c0167f58a,Pierette,Palocz,false
3119dfa4-e9e0-48b5-9746-d2a1a3118dd6,Oralee,Pascia,false
686a3ce8-01f1-4154-a829-7358f3ec67a7,Linet,Eno,false
9a8f452b-f4ba-4071-8056-803b049b9b87,Cordi,Harned,false
282acebe-44b9-45d0-8af7-4de0ab5a48df,Marnia,Mich,false
1792b7c3-4f38-4402-a2b6-083869f08892,Heida,O'Rourke,false
90aead71-0e43-4196-8851-20f45c9ded4b,Chrystel,Muriel,false
d0dd75dd-5e84-44a8-ac42-501b9af48ab2,Alejandra,Crudden,false
72e33dc3-cc94-4df6-b0eb-a3b4b85efb42,Misha,Ajay,false
7aebf766-220f-45eb-b590-679d08322fba,Bibby,Roscoe,false
ae1435ea-654c-401d-b54b-f2f92e524bcb,Nickie,Neva,false
c21c102e-2745-4899-8c2b-995acae37ac0,Sibella,Dyche,false
26b102da-24bb-4af3-a7d6-65e416db5aaf,Marti,Ursulette,false
ac8f74a5-c26c-4f55-a6ae-bac6ee27f865,Clary,Frodi,false
4e561ab9-2ff8-4c8d-b46e-d35d177d9dbd,Correy,Hieronymus,false
c9dcc7a4-7f12-4de9-80ce-fc761daa58ce,Robinia,Ioab,false
6ff42ae2-24ca-4e7d-b79d-001bad9db867,Kristina,Oster,false
39a798e7-8d82-4dd0-abdf-6e3df4632222,Gilligan,Berard,false
b422750e-fc97-413d-a1c9-dec9a0e764b0,Donnie,Konyn,false
fd4b6569-bf31-4040-95d3-b58a51d2f387,Emylee,Ludewig,false
a02900c7-a808-4423-9fdf-2ee2c95522aa,Darlleen,Fax,false
9bdb1d3e-ef63-4207-831b-9c61ce1084f9,Barbara,Rooney,false
b6632fc0-3dce-426b-a1ca-d21a1ce863ec,Jessamyn,Oriana,false
b288bc1f-c81a-485b-b9f3-d341c316ab9c,Kamilah,Jacobah,false
9549dfa2-f4a0-4c3e-9218-14709275646f,Nelle,Kristi,false
3097056c-7939-4f39-872d-e472b3946d49,Jordan,Bouchard,false
e5d4fcd2-e40c-4aa2-9577-3fcedcf8545e,Frieda,Bow,false
5e6f9ec2-6800-4ba9-b05c-e84d41d290bc,Nelle,Bronk,false
ba4e3992-2b71-44dc-b4fd-3e0b02b5a522,Elvira,Devlen,false
6cd68575-65bc-4726-a7fb-eb193797c5de,Aurelie,Kimmie,false
05303997-6b46-4770-804a-f202ecc838af,Winny,Korey,false
5d3d29c7-d883-4828-9bf1-d2b0653d60a1,Lonnie,Zaslow,false
9797b416-a886-40a5-b444-b62d42681acf,Bee,Jalbert,false
69a5ce91-2e14-49bf-bbdc-341ea717c1a3,Sallie,Eckblad,false
25ed796f-52c0-4cf5-8a32-cfe137e89aa9,Delilah,Mehalek,false
61e3f0c1-d2fc-4c80-b0f1-fc3b0a5cafec,Bettine,Maxi,false
9ae521ea-ca3c-4cd5-bfe8-3c3dca69c1cf,Rori,Donell,false
5ddd4e85-a416-47ee-b5ef-a3a867b72f14,Barbi,Emmy,false
74ac585d-c2bc-4b3c-9823-53fbb32c7fe7,Elka,Pernick,false
dd5f04a2-818c-4f5b-9673-7ed5a65e7422,Hannis,Fink,false
804bbbd6-647c-49f1-b4d2-2d9aa41f14f2,Cristine,Percy,false
15940ef1-cb29-442a-8a1e-f55dc43ff81e,Gisela,Leler,false
6ccd59cf-5867-490f-9d83-961b37b7ca8d,Mignon,Kenney,false
d9c4f73d-0e47-4afa-936e-f7f449157086,Riannon,Vernier,false
e6c4b75b-a163-437e-962e-77462e67ca47,Yvonne,Edmund,false
49135ddb-ced0-4705-99c3-08e7621aa2c4,Tatiania,Bibi,false
c6ecf116-a37a-477d-822a-fc3f1ff56566,Charissa,Rebecka,false
f271db77-3d0a-4f4a-82c5-12199c5be9de,Hollie,Infield,false
a419e5c5-2176-4968-9775-e75bc62bae8d,Codie,Sharl,false
3223e8e7-3914-450c-b1ef-20a7c3bd3406,Ruthe,Brady,false
ed37d175-8af0-4bb1-9391-04b7fb352fe3,Inga,Fabiola,false
90f0c0a4-2355-4ae8-8a50-3e37b5ede3d2,Cissiee,Zrike,false
7176e04a-600f-48cc-aeba-dcd637f38f62,Gerrie,Olin,false
aeb1129a-2513-49c4-a946-a3eea33ddece,Cathie,Dex,false
36eb55cf-0aa2-4681-8d7a-9fbadf94b7dd,Glenda,Gino,false
a65c7b3f-486d-4e64-bc79-9b16d775b1f8,Reeba,Barney,false
daf60ec2-5954-4011-86f4-08174ed92556,Kelly,Uund,false
00305561-9499-41a2-aa59-005c9caa4470,Marsiella,Raseda,false
7bef7f30-397a-418a-9198-ee173655159b,Nadine,Linehan,false
4e39fe6e-13db-4228-8bfd-f997f3c62bf9,Edyth,Uird,false
b257e9e6-cba7-4b5e-8aaf-99a5c6fc06d5,Kylynn,Hedve,false
1064217c-b70d-4c1e-8de5-1a541ac22daf,Betta,Afton,false
ee73c868-4e39-4e87-a6eb-9df17e5d1740,Teddie,Jess,false
83aac8fe-d193-483b-804a-c737ba20fdaa,Marti,Simmonds,false
3cbd2cf9-f89e-4f34-b68a-47b0669e9c9b,Marjie,Sammons,false
07844a18-0d04-42b8-ab55-5f16d69a50fa,Meg,Roxanna,false
72cb0b8a-788c-4f18-a0a0-03e379bcc00d,Janenna,Euridice,false
2e3e12d2-b307-4c2c-89d5-a1a1a5d409cc,Norine,Harday,false
1d3836de-114d-4f98-9141-20fdf57ccccb,Christal,Socha,false
cb5817a6-72d0-412a-b5ee-49156ff504b5,Elmira,Vorster,false
2098846e-158e-40cc-a7d5-02e1ec7a380c,Mallory,Adalbert,false
ce9b120b-6462-4431-9b4e-4a0ce743261c,Gertrud,Elvyn,false
1fdf4138-a9c1-4efa-991a-230a705e23bc,Linzy,Noelyn,false
2891b2da-90f5-4e05-9c32-75f3b2aeb772,Georgetta,Verger,false
04427d4f-4084-4712-a419-1b1df68f9981,Kaja,Helve,false
743601df-b415-4faa-8a47-69a6a35ebdea,Gerrie,Devlen,false
8d63b579-5a89-4ed2-aed4-cf7d2df61087,Jsandye,Baudin,false
ac43b768-4abf-45cb-9672-ae8e286d9a1c,Gilda,Cecile,false
047ab44a-dd09-47d1-a6f4-c914c8dcb72d,Almeta,Parsaye,false
c275f893-7c76-40ca-b57d-7024b9d74f1d,Ira,Buffum,false
3d705f49-6efd-4a0f-8a6a-dd03e6d2259e,Gloria,Avi,false
e8e5bdcb-813b-4b8c-bc1c-767397a496b8,Louella,Nahum,false
9d62d285-1a17-4f92-a0b5-b792c412c232,Catrina,Anton,false
5c8dca5d-e313-4143-8cbf-e8d7c6df768d,Lory,Joseph,false
bb4b758a-c0a4-499b-a26e-d2dcd608e9e2,Brietta,Jary,false
7cdce982-76e6-44b7-8f62-7304d1e50698,Renae,Dorine,false
76a12816-30cd-429e-b690-7670dd618d72,Jerry,Marijo,false
09611279-8d62-4674-b70d-5cec00d9133a,Paola,Read,false
72d53013-b071-4408-96e2-2820e19041aa,Agathe,Swigart,false
5443c05a-5e9b-4531-a693-d26fe13926dd,Mildrid,Nea,false
60388a4d-bd0c-48d1-8251-44ec64127e99,Marcy,Wu,false
a7262ffc-86e2-44ae-b46e-ec7aec307f13,Kara-Lynn,Bobbee,false
4fc23f24-edb5-4a80-8e19-6b5c36591064,Vevay,Travax,false
088a87d4-db85-4c28-b0cb-a77a9be1ebd5,Sarette,Ethban,false
b16e088e-542c-49a8-858a-bf38d5c2777f,Sibella,Peonir,false
8121cb1a-e4d4-4210-a9a8-5b3ed8d4b62a,Cindelyn,Joni,false
536245c5-6de1-407f-8ca8-e9ac80c1ccfb,Nariko,Gavrila,false
051d7a33-3d18-4db7-815c-06cd147ac7ff,Annabela,Dyche,false
a50f9afd-8c47-4959-b818-f04af0eacc44,Olivette,Ashely,false
625a36a9-bb41-49d4-8549-8cae7fb10ea1,Pamella,Amethist,false
ba352173-019b-4d31-94cc-1d6c5022c01d,Madelle,Liva,false
cd17e7ef-069c-489b-b7c7-4ac2befda581,Dacia,Hubert,false
873fec31-bca0-48c3-8e77-d0d24a9ff95e,Bertine,Dom,false
a5a68af7-bf0a-4ad1-90ed-58f3aae3ca32,Perry,Gregrory,false
9a86781c-df46-4799-8bd3-79e94cd3def0,Joane,McAdams,false
58f2134f-9fba-4291-9c53-33765f6607ce,Elmira,Korey,false
0b938fb2-ae06-4380-8038-065c29a429b4,Lelah,Ries,false
96cf5ade-3fd1-424b-acb8-deccf3102559,Jany,Obed,false
1a905315-94ee-4da9-8b06-1b22b9a0a980,Tani,Zuzana,false
ac28a639-9174-42f2-ad68-866555f88e2a,Selia,Maisey,false
e054bcbf-d7b1-4cf6-83fc-ef8a726402a5,Joane,Stefa,false
b8054447-08b3-496d-ba8d-5fdec6217104,Nikki,Markman,false
d42d4ed6-5dd7-4012-9358-973c7f38549c,Kerrin,Malanie,false
b58e83c8-620f-484c-b86e-dcbb479306d7,Kristan,Ledah,false
c4654eb7-a42b-4b9b-8164-31e071dc3591,Donnie,Bearnard,false
2f313ddc-f05f-4097-81e8-780e96d7149c,Merry,Sheedy,false
cd30c4ca-9f74-4d6b-b6e7-b79b0a0c1679,Brianna,Tannie,false
85106337-a750-414b-80c5-f7b203e41577,Joane,Kenney,false
c9010fe7-3540-4ee9-b536-95ec056c1a91,Glenda,Roxanna,false
2b7aec78-163f-4cb0-8e3e-28c105fecea8,Kassey,Rillings,false
0f0611e2-4863-4595-87e5-98b41642bc03,Elise,Catie,false
47700228-93e0-45ca-a003-cf1dc7483a77,Linet,Catie,false
c5882a0f-1743-4374-8f42-2b5f8981449a,Ardenia,Primalia,false
488f0b92-9465-4bd1-aff5-adc5b6a6edb1,Phedra,Tayib,false
ba882182-f9b7-4523-9d24-19d07fa52b49,Bertine,Ariella,false
42f4c3fb-8d18-4d2e-b631-2e9173a53a54,Gretal,Martguerita,false
2750e471-13b2-46c7-bc96-d4b382dcb579,Josephine,Neils,false
ebf4ff07-21e2-4e56-a7da-a3a8aca288b0,Sallie,Rozanna,false
3466ffdc-40b2-453a-9180-ad3c4f1b1370,Stevana,Ambrosia,false
aaa2ba6d-69d9-49b3-84cb-03a77aaa93ff,Gianina,Fredi,false
9eeedead-d5ad-47da-a3e7-dbf852ce6c58,Renie,Tippets,false
01c7605c-8d21-4f66-9cf4-ed1efc3b30a1,Tierney,Edmund,false
a5ef1116-a23a-4fbc-bfc8-4299f734388a,Cathyleen,Maribeth,false
b67fbdf4-264f-48b3-8d67-887292cd08c0,Etta,Ardeha,false
082906d3-54a7-4ea0-adac-daa3ad717c10,Alie,Dorcy,false
110c7d50-7df8-431f-99ba-37b7205d1a65,Cecile,Dex,false
7f7cd2dc-019a-4ad1-91b6-77b589de408d,Joy,Blisse,false
d233d221-f234-4afe-9455-36f6904cbced,Gisela,Loring,false
c4aa39cc-442f-4c7a-9232-c0c3e478fc47,Mignon,Amasa,false
5f60a420-4a83-4d07-9bf6-53754893c1fd,Konstance,Odysseus,false
6e6dd913-0288-418e-908c-5960ea8cf984,Miquela,Rossner,false
13e16378-c6d5-4959-a838-78111b417133,Fidelia,Thad,false
3e9b2432-8bd0-4abc-af6e-aaba5f80ca97,Emma,Frodi,false
476a1dad-ec89-4957-a0bc-f5db04c8efd0,Emelina,Marlie,false
231dc746-0981-4646-bf58-4bfdeda119ad,Xylina,Demitria,false
c46d0801-7ef5-4974-97f2-4f6bd2ad6522,Kary,Eben,false
fb317e8b-a1c5-465a-a29b-71f636ddea18,Rhea,Bach,false
3c483773-bf52-4442-91f3-411bd3127cd7,Adele,Melleta,false
e7a0b377-5c66-4ef9-817f-716f40a268c2,Kittie,Charity,false
5691c727-9b79-426b-8c99-fe7c76978246,Ardeen,Kalinda,false
3e8a3cb7-1111-48b1-85a7-0a6422f2e690,Annora,Dimitris,false
895ee8c7-7f82-4529-a697-1a232a9bc2e0,Bernardine,Mich,false
7ce05914-50c5-4176-8772-72501f10a964,Merry,Guildroy,false
4a367386-9418-4a9a-9d29-dd7c8838a1ba,Noelle,Sparhawk,false
90349f3a-40db-418b-9afe-acc4a82e486e,Zia,Cullin,false
71c5ec15-3c9d-46e6-a1c0-b2b2c1db82ef,Keelia,Juliet,false
c7f7a53f-19c3-47e2-ad8d-088ba237f81f,Ethel,Cullin,false
5297c336-a10f-41c9-870a-404388aa433d,Minne,Carolin,false
f6167df3-4a2a-491e-a89f-cb660a733d53,Janis,Vivle,false
1af48eaf-57ee-40de-a8d1-c292259b2a12,Deane,Chapland,false
77ff1027-be2c-40d0-88fe-aa4b1398f77b,Deirdre,Thilda,false
41cccb85-1806-441d-8abd-70cb17f8376c,Libbie,Aurelio,false
8437b6f3-9f48-476d-871b-dede19f1ec30,Linet,Leifeste,false
37ac7fd4-863c-4bef-be6a-8732554147ae,Ebonee,Allina,false
2f406dd4-7a29-4e87-b9f2-ef81a3a6cb33,Kimberley,Michella,false
a00dd0af-b28f-4c35-a942-470faff52f31,Jerry,Anyah,false
c6fd42be-cc4a-4aa3-af71-8d06668c770d,Tina,Campball,false
c44c0d5b-d15d-443f-8656-352455a41c9a,Doro,Hashim,false
d5d086a2-86e5-4d9b-98aa-f56a3fa43eda,Petronia,Torray,false
bc4afc2a-9113-4ed4-9c05-c7b1bacb73c8,Dode,Suanne,false
e5578504-ea4f-43ae-a88a-6d367b8ff53f,Briney,Connelly,false
1d5124fb-5557-48dd-bda9-4acc65358caa,Ninnetta,MacIntosh,false
52d43e77-8bba-494f-ae2d-8a52cf309e24,Katleen,Clarissa,false
2a52be3c-5f38-4d84-a592-b94e8d213cfc,Kelly,Boehike,false
17a1dfa4-1e37-42a3-b1cb-c5282229a7ba,Orelia,Cyrie,false
37dc9e18-8eed-4a92-8a2f-92dc87ddf318,Kittie,Gordon,false
2d431a45-89f2-4fd7-ac38-eadce8a7df0a,Joy,Kare,false
19e19637-9ef6-4018-81c0-cc385a1d70fb,Ardys,Leler,false
f930a8d9-7e9b-4728-9d69-bebb4c719797,Monika,Thar,false
1b06ef14-97ab-4514-b481-69bf34a1a686,Elora,Brian,false
096d9eb0-84fd-45b5-a8f8-9813b18500d8,Modestia,Poll,false
16a5566e-7671-4e6e-af5d-7ae9330f8877,Katleen,Celestine,false
502ce34d-1f5a-4c9c-a428-842b6ec5662a,Jackie,Bandeen,false
730e8265-eec1-4e03-b48d-7a1927153752,Florencia,Cyrie,false
dc25f683-770f-4950-a627-48d9f5723438,Andeee,Stanwood,false
18d302e5-6404-4d6a-aa0c-6d3fb4e3a732,Emmey,Braun,false
6ff13237-7272-4ac2-a437-af4eaf7e8ccd,Miquela,Fiann,false
7dbde930-9b3d-4843-afb7-1f31bf7cb06b,Aubrie,O'Carroll,false
c37cc360-a568-4995-93aa-a1b3bc9392b8,Elka,Gwenore,false
ef1b8a4f-4262-4848-831f-6ba5983aa6af,Cyb,Lucienne,false
f6b43c83-88ef-4044-a948-0c5b9865170c,Jordan,Pettiford,false
7ec2dd80-ecb7-4335-a13e-e605cf44a828,Marnia,Ammann,false
5bef4bfd-f273-4ddf-9c38-72daa3402bf9,Carlie,Thar,false
ad3f2534-49b0-4521-81d5-80d9f432e065,Meg,Burkle,false
28ef3fdc-8509-4ffa-b7ed-041626979f79,Kate,Esmaria,false
d76e841e-8718-4cfd-a2c2-06d35ac29a01,Chastity,Creamer,false
400efe1f-04de-4b99-8c91-063c22fa745b,Edyth,Septima,false
5ae41c78-4cc8-454c-b290-f60dadab14a9,Feliza,Maurine,false
94bea21d-5578-48ad-b348-da75bb71dcfb,Julieta,Boehike,false
414d21d2-e0ff-4ae9-b2fb-99f07de5ae92,Regina,Gower,false
87c6dc37-58dc-44a6-9a83-cf1c53b25620,Leontine,Lipson,false
cbf8c178-9463-4ed0-ad8f-1b0f37ddc5dd,Gretal,Pyle,false
c21f1b1f-0c3a-4885-980a-5249ac5946bf,Amelia,Goddard,false
f52fed47-58e8-4ad1-ac2e-15fd4c4bdaf2,Hallie,Harday,false
bfeaf6fe-dc2e-4608-bded-732c8e98e1bf,Imojean,Ingra,false
c712fedb-04f0-4b30-b7b4-4d507e754859,Hallie,Adamsen,false
3ff60993-34c9-4b07-a729-15b16b9015d0,Oralee,Gaynor,false
9bfa2229-d5e5-48b4-ac4e-960f75727015,Meriel,Drus,false
43738cf5-d0a9-4364-93d6-832d5dab3dc3,Tami,Latini,false
8dcdeb48-9100-419e-9b49-aa49ffc00179,Silvana,Raychel,false
cb3d4be8-20dc-4e29-96f0-437247972620,Allis,Nedrud,false
9005a6cf-bd02-495a-ae23-82b9b7a39ca7,Melodie,Tremayne,false
bc8927eb-b0a1-4eb1-adc3-8b295c2ea394,Aurore,Brittani,false